
-- MySQL Workbench Forward Engineering

SET @OLD_UNIQUE_CHECKS=@@UNIQUE_CHECKS, UNIQUE_CHECKS=0;
SET @OLD_FOREIGN_KEY_CHECKS=@@FOREIGN_KEY_CHECKS, FOREIGN_KEY_CHECKS=0;
SET @OLD_SQL_MODE=@@SQL_MODE, SQL_MODE='ONLY_FULL_GROUP_BY,STRICT_TRANS_TABLES,NO_ZERO_IN_DATE,NO_ZERO_DATE,ERROR_FOR_DIVISION_BY_ZERO,NO_ENGINE_SUBSTITUTION';

-- -----------------------------------------------------
-- Schema mydb
-- -----------------------------------------------------
-- -----------------------------------------------------
-- Schema bdcarona
-- -----------------------------------------------------

-- -----------------------------------------------------
-- Schema bdcarona
-- -----------------------------------------------------
CREATE SCHEMA IF NOT EXISTS `bdcarona` DEFAULT CHARACTER SET utf8mb4 COLLATE utf8mb4_0900_ai_ci ;
USE `bdcarona` ;

-- -----------------------------------------------------
-- Table `bdcarona`.`motorista`
-- -----------------------------------------------------
CREATE TABLE IF NOT EXISTS `bdcarona`.`motorista` (
  `CNHmotorista` VARCHAR(45) NOT NULL,
  `Nome` VARCHAR(100) NOT NULL,
  `Telefone` VARCHAR(20) NOT NULL,
  `Classificacao` INT NOT NULL DEFAULT '0',
  `Email` VARCHAR(100) NOT NULL,
  `Sexo` ENUM('F', 'M') NOT NULL,
  `DataNascimento` DATE NOT NULL,
  `CarroAtual` VARCHAR(45) NULL DEFAULT NULL,
  `ImagemPerfil` VARCHAR(255) DEFAULT 'https://encrypted-tbn0.gstatic.com/images?q=tbn:ANd9GcR1H81w4SmKH5DZmIbxU7EB0aMSkNQDoPQA1mRQxf2Y0wMF1NSa7vghbwwKASi1q4NPmNw&usqp=CAU',
  PRIMARY KEY (`CNHmotorista`),
  UNIQUE INDEX `CNHmotorista_UNIQUE` (`CNHmotorista` ASC) VISIBLE,
  UNIQUE INDEX `CarroAtual_UNIQUE` (`CarroAtual` ASC) VISIBLE,
  CONSTRAINT `motorista_ibfk_1`
    FOREIGN KEY (`CarroAtual`)
    REFERENCES `bdcarona`.`carro` (`Placa`)
)
ENGINE = InnoDB
DEFAULT CHARACTER SET = utf8mb4
COLLATE = utf8mb4_0900_ai_ci;

INSERT INTO motorista (CNHmotorista, Nome, Telefone, Classificacao, Email, Sexo, DataNascimento, CarroAtual)
VALUES
('CNH1', 'Ana Souza', '(11) 98765-4321', 4, 'ana.souza@example.com', 'F', '1992-09-18', 'XYZ0101'),
('CNH2', 'Carlos Mendes', '(22) 8888-7777', 5, 'carlos.mendes@example.com', 'M', '1980-11-30', 'XYZ0202'),
('CNH3', 'Mariana Oliveira', '(33) 3333-1111', 3, 'mariana.oliveira@example.com', 'F', '1998-04-07', 'XYZ0303'),
('CNH4', 'Ricardo Santos', '(44) 5555-2222', 4, 'ricardo.santos@example.com', 'M', '1987-07-22', 'XYZ0404'),
('CNH5', 'Paula Ferreira', '(55) 6666-9999', 5, 'paula.ferreira@example.com', 'F', '1983-12-12', 'XYZ0505'),
('CNH6', 'Pedro Almeida', '(11) 7777-8888', 3, 'pedro.almeida@example.com', 'M', '1989-06-25', 'XYZ0606'),
('CNH7', 'Sofia Rodrigues', '(22) 4444-2222', 4, 'sofia.rodrigues@example.com', 'F', '1995-01-14', 'XYZ0707'),
('CNH8', 'Rafaela Costa', '(33) 6666-5555', 5, 'rafaela.costa@example.com', 'F', '1982-03-28', 'XYZ0808'),
('CNH9', 'Gustavo Santos', '(44) 1111-7777', 4, 'gustavo.santos@example.com', 'M', '1986-12-02', 'XYZ0909'),
('CNH10', 'Luiz Oliveira', '(55) 2222-9999', 3, 'luiz.oliveira@example.com', 'M', '1997-09-07', 'XYZ1010'),
('CNH11', 'Fernanda Silva', '(66) 8888-3333', 5, 'fernanda.silva@example.com', 'F', '1984-11-21', 'XYZ1111'),
('CNH12', 'Isabela Souza', '(77) 9999-6666', 4, 'isabela.souza@example.com', 'F', '1991-08-13', 'XYZ1212'),
('CHN13', 'Fernando Mendes', '(88) 3333-4444', 5, 'fernando.mendes@example.com', 'M', '1981-07-19', 'XYZ1313'),
('CNH14', 'Marcos Ferreira', '(99) 5555-1111', 4, 'marcos.ferreira@example.com', 'M', '1993-02-10', 'XYZ1414'),
('CNH15', 'Bruna Oliveira', '(44) 7777-2222', 3, 'bruna.oliveira@example.com', 'F', '1996-05-30', 'XYZ1515'),
('CNH16', 'Thiago Santos', '(55) 1111-6666', 5, 'thiago.santos@example.com', 'M', '1988-10-24', 'XYZ1616'),
('CNH17', 'Camila Mendes', '(66) 2222-7777', 4, 'camila.mendes@example.com', 'F', '1994-03-12', 'XYZ1717'),
('CNH18', 'Hugo Rodrigues', '(44) 8888-3333', 5, 'hugo.rodrigues@example.com', 'M', '1983-06-07', 'XYZ1818'),
('CNH19', 'Carolina Costa', '(99) 7777-2222', 4, 'carolina.costa@example.com', 'F', '1992-09-17', 'XYZ1919'),
('CNH20', 'Vitor Almeida', '(55) 2222-8888', 5, 'vitor.almeida@example.com', 'M', '1987-12-03', 'XYZ2020'),
('CNH21', 'Juliana Oliveira', '(77) 1111-7777', 4, 'juliana.oliveira@example.com', 'F', '1998-01-15', 'XYZ2121'),
('CNH22', 'Marcelo Santos', '(44) 4444-5555', 5, 'marcelo.santos@example.com', 'M', '1985-03-29', 'XYZ2222'),
('CNH23', 'Amanda Silva', '(11) 8888-7777', 4, 'amanda.silva@example.com', 'F', '1990-07-20', 'XYZ2323'),
('CNH24', 'Ricardo Costa', '(22) 3333-4444', 5, 'ricardo.costa@example.com', 'M', '1984-12-04', 'XYZ2424'),
('CNH25', 'Letícia Oliveira', '(33) 6666-5555', 4, 'leticia.oliveira@example.com', 'F', '1995-09-08', 'XYZ2525'),
('CNH26', 'Eduardo Rodrigues', '(77) 2222-8888', 5, 'eduardo.rodrigues@example.com', 'M', '1986-10-10', 'XYZ2626'),
('CNH27', 'Mariana Lima', '(44) 7777-9999', 4, 'mariana.lima@example.com', 'F', '1993-04-15', 'XYZ2727'),
('CNH28', 'Guilherme Alves', '(55) 4444-1111', 5, 'guilherme.alves@example.com', 'M', '1988-12-21', 'XYZ2828'),
('CNH29', 'Laura Santos', '(66) 7777-3333', 4, 'laura.santos@example.com', 'F', '1995-01-18', 'XYZ2929'),
('CNH30', 'Vinicius Oliveira', '(99) 4444-2222', 5, 'vinicius.oliveira@example.com', 'M', '1983-07-11', 'XYZ3030'),
('CNH31', 'Carla Fernandes', '(11) 7777-6666', 4, 'carla.fernandes@example.com', 'F', '1990-03-28', 'XYZ3131'),
('CNH32', 'Rafael Almeida', '(22) 2222-5555', 5, 'rafael.almeida@example.com', 'M', '1985-06-14', 'XYZ3232'),
('CNH33', 'Patricia Costa', '(33) 7777-4444', 4, 'patricia.costa@example.com', 'F', '1996-09-23', 'XYZ3333'),
('CNH34', 'Fernando Souza', '(44) 3333-2222', 5, 'fernando.souza@example.com', 'M', '1987-11-03', 'XYZ3434'),
('CNH35', 'Luisa Mendes', '(55) 1111-8888', 4, 'luisa.mendes@example.com', 'F', '1991-12-30', 'XYZ3535'),
('CNH36', 'Gabriel Oliveira', '(66) 3333-7777', 5, 'gabriel.oliveira@example.com', 'M', '1984-09-25', 'XYZ3636'),
('CNH37', 'Aline Silva', '(77) 7777-1111', 4, 'aline.silva@example.com', 'F', '1993-02-19', 'XYZ3737'),
('CNH38', 'Ricardo Costa', '(44) 2222-4444', 5, 'ricardo.costa@example.com', 'M', '1982-07-13', 'XYZ3838'),
('CNH39', 'Ana Rodrigues', '(99) 7777-5555', 4, 'ana.rodrigues@example.com', 'F', '1990-08-22', 'XYZ3939'),
('CNH40', 'Guilherme Lima', '(11) 3333-6666', 5, 'guilherme.lima@example.com', 'M', '1987-09-05', 'XYZ4040'),
('CNH41', 'Sofia Alves', '(22) 7777-4444', 4, 'sofia.alves@example.com', 'F', '1992-05-17', 'XYZ4141'),
('CNH42', 'Marcelo Santos', '(33) 2222-1111', 5, 'marcelo.santos@example.com', 'M', '1986-04-29', 'XYZ4242'),
('CNH43', 'Juliana Costa', '(44) 5555-3333', 4, 'juliana.costa@example.com', 'F', '1995-10-12', 'XYZ4343'),
('CNH44', 'Eduardo Rodrigues', '(55) 1111-7777', 5, 'eduardo.rodrigues@example.com', 'M', '1989-08-20', 'XYZ4444'),
('CNH45', 'Mariana Lima', '(66) 2222-4444', 4, 'mariana.lima@example.com', 'F', '1994-01-24', 'XYZ4545'),
('CNH46', 'Guilherme Alves', '(77) 5555-1111', 5, 'guilherme.alves@example.com', 'M', '1982-09-08', 'XYZ4646'),
('CNH47', 'Laura Santos', '(44) 2222-3333', 4, 'laura.santos@example.com', 'F', '1997-06-27', 'XYZ4747'),
('CNH48', 'Vinicius Oliveira', '(99) 5555-4444', 5, 'vinicius.oliveira@example.com', 'M', '1983-10-03', 'XYZ4848'),
('CNH49', 'Carla Fernandes', '(11) 2222-7777', 4, 'carla.fernandes@example.com', 'F', '1991-11-15', 'XYZ4949'),
('CNH50', 'Rafael Almeida', '(22) 3333-5555', 5, 'rafael.almeida@example.com', 'M', '1985-12-07', 'XYZ5050');



-- -----------------------------------------------------
-- Table `bdcarona`.`carro`
-- -----------------------------------------------------
CREATE TABLE IF NOT EXISTS `bdcarona`.`carro` (
  `Placa` VARCHAR(45) NOT NULL,
  `Modelo` VARCHAR(100) NOT NULL,
  `Marca` VARCHAR(100) NOT NULL,
  `Cor` VARCHAR(50) NOT NULL,
  `idMotorista` VARCHAR(45) NOT NULL,
  PRIMARY KEY (`Placa`),
  INDEX `idMotorista` (`idMotorista` ASC) VISIBLE,
  CONSTRAINT `carro_ibfk_1`
    FOREIGN KEY (`idMotorista`)
    REFERENCES `bdcarona`.`motorista` (`CNHmotorista`))
ENGINE = InnoDB
DEFAULT CHARACTER SET = utf8mb4
COLLATE = utf8mb4_0900_ai_ci;

INSERT INTO carro (Placa, Modelo, Marca, Cor, idMotorista)
VALUES
('XYZ0101', 'Civic', 'Honda', 'Prata', 'CNH1'),
('XYZ0202', 'Onix', 'Chevrolet', 'Vermelho', 'CNH2'),
('XYZ0303', 'HB20', 'Hyundai', 'Branco', 'CNH3'),
('XYZ0404', 'Corolla', 'Toyota', 'Preto', 'CNH4'),
('XYZ0505', 'Golf', 'Volkswagen', 'Azul', 'CNH5'),
('XYZ0606', 'Fiesta', 'Ford', 'Cinza', 'CNH6'),
('XYZ0707', 'Cruze', 'Chevrolet', 'Prata', 'CNH7'),
('XYZ0808', 'Fusion', 'Ford', 'Preto', 'CNH8'),
('XYZ0909', 'Palio', 'Fiat', 'Branco', 'CNH9'),
('XYZ1010', 'Gol', 'Volkswagen', 'Vermelho', 'CNH10'),
('XYZ1110', 'Creta', 'Hyundai', 'Azul', 'CNH11'),
('XYZ1212', 'City', 'Honda', 'Branco', 'CNH12'),
('XYZ1313', 'Focus', 'Ford', 'Preto', 'CNH13'),
('XYZ1414', 'Fiat 500', 'Fiat', 'Verde', 'CNH14'),
('XYZ1515', 'Uno', 'Fiat', 'Branco', 'CNH15'),
('XYZ1616', 'Polo', 'Volkswagen', 'Azul', 'CNH16'),
('XYZ1717', 'Fox', 'Volkswagen', 'Prata', 'CNH17'),
('XYZ1818', 'Renegade', 'Jeep', 'Preto', 'CNH18'),
('XYZ1919', 'Sandero', 'Renault', 'Vermelho', 'CNH19'),
('XYZ2020', 'Corolla Cross', 'Toyota', 'Branco', 'CNH20'),
('XYZ2121', 'Fiat Mobi', 'Fiat', 'Cinza', 'CNH21'),
('XYZ2220', 'Renault Kwid', 'Renault', 'Vermelho', 'CNH22'),
('XYZ2323', 'Fiat Argo', 'Fiat', 'Prata', 'CNH23'),
('XYZ2424', 'Fiat Toro', 'Fiat', 'Azul', 'CNH24'),
('XYZ2525', 'Chevrolet Tracker', 'Chevrolet', 'Branco', 'CNH25'),
('XYZ2626', 'Hyundai Creta', 'Hyundai', 'Cinza', 'CNH26'),
('XYZ2727', 'Jeep Compass', 'Jeep', 'Preto', 'CNH27'),
('XYZ2828', 'Volkswagen Voyage', 'Volkswagen', 'Prata', 'CNH28'),
('XYZ2929', 'Toyota Yaris', 'Toyota', 'Azul', 'CNH29'),
('XYZ3030', 'Fiat Cronos', 'Fiat', 'Vermelho', 'CNH30'),
('XYZ3131', 'Chevrolet Prisma', 'Chevrolet', 'Preto', 'CNH31'),
('XYZ3232', 'Ford EcoSport', 'Ford', 'Branco', 'CNH32'),
('XYZ3333', 'Volkswagen Polo Sedan', 'Volkswagen', 'Prata', 'CNH33'),
('XYZ3434', 'Toyota Corolla Cross', 'Toyota', 'Azul', 'CNH34'),
('XYZ3535', 'Fiat Strada', 'Fiat', 'Cinza', 'CNH35'),
('XYZ3636', 'Renault Sandero Stepway', 'Renault', 'Preto', 'CNH36'),
('XYZ3737', 'Honda HR-V', 'Honda', 'Branco', 'CNH37'),
('XYZ3838', 'Jeep Renegade', 'Jeep', 'Vermelho', 'CNH38'),
('XYZ3939', 'Chevrolet Spin', 'Chevrolet', 'Prata', 'CNH39'),
('XYZ4040', 'Volkswagen Nivus', 'Volkswagen', 'Azul', 'CNH40'),
('XYZ4141', 'Fiat Fiorino', 'Fiat', 'Branco', 'CNH41'),
('XYZ4242', 'Ford Ka', 'Ford', 'Cinza', 'CNH42'),
('XYZ4343', 'Toyota Hilux', 'Toyota', 'Preto', 'CNH43'),
('XYZ4444', 'Chevrolet S10', 'Chevrolet', 'Prata', 'CNH44'),
('XYZ4545', 'Honda Civic', 'Honda', 'Azul', 'CNH45'),
('XYZ4646', 'Fiat Toro', 'Fiat', 'Vermelho', 'CNH46'),
('XYZ4747', 'Volkswagen Gol', 'Volkswagen', 'Branco', 'CNH47'),
('XYZ4848', 'Renault Duster', 'Renault', 'Preto', 'CNH48'),
('XYZ4949', 'Ford Ranger', 'Ford', 'Prata', 'CNH49'),
('XYZ5050', 'Toyota Hilux SW4', 'Toyota', 'Cinza', 'CNH50'),
('XYZ5151', 'Fiat Argo', 'Fiat', 'Branco', 'CNH5'),
('XYZ5252', 'Chevrolet Tracker', 'Chevrolet', 'Preto', 'CNH12'),
('XYZ5353', 'Honda Fit', 'Honda', 'Cinza', 'CNH33'),
('XYZ5454', 'Ford Ka Sedan', 'Ford', 'Vermelho', 'CNH45'),
('XYZ5555', 'Volkswagen Virtus', 'Volkswagen', 'Branco', 'CNH19'),
('XYZ5656', 'Toyota Yaris Sedan', 'Toyota', 'Azul', 'CNH32'),
('XYZ5757', 'Fiat Cronos', 'Fiat', 'Prata', 'CNH12'),
('XYZ5858', 'Chevrolet Spin', 'Chevrolet', 'Cinza', 'CNH43'),
('XYZ5959', 'Honda City', 'Honda', 'Preto', 'CNH8'),
('XYZ6060', 'Ford EcoSport', 'Ford', 'Branco', 'CNH6');
-- -----------------------------------------------------
-- Table `bdcarona`.`passageiro`
-- -----------------------------------------------------
CREATE TABLE IF NOT EXISTS `bdcarona`.`passageiro` (
  `Nome` VARCHAR(100) NOT NULL,
  `CPF` VARCHAR(45) NOT NULL,
  `Sexo` ENUM('F', 'M') NOT NULL,
  `Celular` VARCHAR(20) NOT NULL,
  `Email` VARCHAR(100) NOT NULL,
  `DataNascimento` DATE NOT NULL,
  `ImagemPerfil` VARCHAR(255) DEFAULT 'https://encrypted-tbn0.gstatic.com/images?q=tbn:ANd9GcR1H81w4SmKH5DZmIbxU7EB0aMSkNQDoPQA1mRQxf2Y0wMF1NSa7vghbwwKASi1q4NPmNw&usqp=CAU',
  PRIMARY KEY (`CPF`)
)
ENGINE = InnoDB
DEFAULT CHARACTER SET = utf8mb4
COLLATE = utf8mb4_0900_ai_ci;


INSERT INTO passageiro (Nome, CPF, Sexo, Celular, Email, DataNascimento)
VALUES
  ('Ana Silva', '000.000.000-01', 'F', '(11) 98765-4321', 'ana.silva@example.com', '1990-04-15'),
  ('Pedro Souza', '000.000.000-02', 'M', '(21) 99999-8888', 'pedro.souza@example.com', '1988-11-20'),
  ('Luciana Santos', '000.000.000-03', 'F', '(31) 87654-3210', 'luciana.santos@example.com', '1995-08-25'),
  ('Carlos Lima', '000.000.000-04', 'M', '(41) 76543-2109', 'carlos.lima@example.com', '1983-02-12'),
  ('Beatriz Costa', '000.000.000-05', 'F', '(51) 54321-0987', 'beatriz.costa@example.com', '1998-05-05'),
  ('Fernando Oliveira', '000.000.000-06', 'M', '(62) 65432-1098', 'fernando.oliveira@example.com', '1986-12-30'),
  ('Juliana Almeida', '000.000.000-07', 'F', '(71) 43210-9876', 'juliana.almeida@example.com', '1991-09-22'),
  ('Rafael Costa', '000.000.000-08', 'M', '(81) 32109-8765', 'rafael.costa@example.com', '1994-06-18'),
  ('Maria Lima', '000.000.000-09', 'F', '(85) 21098-7654', 'mariana.lima@example.com', '1989-01-10'),
  ('Danilo Silva', '000.000.000-10', 'M', '(95) 87654-3210', 'gustavo.silva@example.com', '1992-04-28'),
  ('Carolina Santos', '000.000.000-11', 'F', '(11) 98765-4321', 'carolina.santos@example.com', '1990-04-15'),
  ('Ricardo Souza', '000.000.000-12', 'M', '(21) 99999-8888', 'ricardo.souza@example.com', '1988-11-20'),
  ('Fernanda Lima', '000.000.000-13', 'F', '(31) 87654-3210', 'fernanda.lima@example.com', '1995-08-25'),
  ('Paulo Costa', '000.000.000-14', 'M', '(41) 76543-2109', 'paulo.costa@example.com', '1983-02-12'),
  ('Amanda Almeida', '000.000.000-15', 'F', '(51) 54321-0987', 'amanda.almeida@example.com', '1998-05-05'),
  ('Felipe Oliveira', '000.000.000-16', 'M', '(62) 65432-1098', 'felipe.oliveira@example.com', '1986-12-30'),
  ('Isabela Souza', '000.000.000-17', 'F', '(71) 43210-9876', 'isabela.souza@example.com', '1991-09-22'),
  ('Rodrigo Costa', '000.000.000-18', 'M', '(81) 32109-8765', 'rodrigo.costa@example.com', '1994-06-18'),
  ('Camila Lima', '000.000.000-19', 'F', '(85) 21098-7654', 'camila.lima@example.com', '1989-01-10'),
  ('Leonardo Silva', '000.000.000-20', 'M', '(95) 87654-3210', 'leonardo.silva@example.com', '1992-04-28'),
  ('Vanessa Santos', '000.000.000-21', 'F', '(11) 98765-4321', 'vanessa.santos@example.com', '1990-04-15'),
  ('Gustavo Souza', '000.000.000-22', 'M', '(21) 99999-8888', 'rafael.souza@example.com', '1988-11-20'),
  ('Renata Lima', '000.000.000-23', 'F', '(31) 87654-3210', 'fernanda.lima@example.com', '1995-08-25'),
  ('Paulo Costa', '000.000.000-24', 'M', '(41) 76543-2109', 'paulo.costa@example.com', '1983-02-12'),
  ('Maria Almeida', '000.000.000-25', 'F', '(51) 54321-0987', 'amanda.almeida@example.com', '1998-05-05'),
  ('Felipe Oliveira', '000.000.000-26', 'M', '(62) 65432-1098', 'felipe.oliveira@example.com', '1986-12-30'),
  ('Isabela Costa', '000.000.000-27', 'F', '(71) 43210-9876', 'isabela.souza@example.com', '1991-09-22'),
  ('Rodrigo Costa', '000.000.000-28', 'M', '(81) 32109-8765', 'rodrigo.costa@example.com', '1994-06-18'),
  ('Camila Lima', '000.000.000-29', 'F', '(85) 21098-7654', 'camila.lima@example.com', '1989-01-10'),
  ('Leonardo Silva', '000.000.000-30', 'M', '(95) 87654-3210', 'leonardo.silva@example.com', '1992-04-28'),
  ('Vanessa Santos', '000.000.000-31', 'F', '(11) 98765-4321', 'vanessa.santos@example.com', '1990-04-15'),
  ('Rafael Souza', '000.000.000-32', 'M', '(21) 99999-8888', 'rafael.souza@example.com', '1988-11-20'),
  ('Fernanda Lima', '000.000.000-33', 'F', '(31) 87654-3210', 'fernanda.lima@example.com', '1995-08-25'),
  ('Bruno Costa', '000.000.000-34', 'M', '(41) 76543-2109', 'bruno.costa@example.com', '1983-02-12'),
  ('Lucas Rodrigues', '000.000.000-35', 'M', '(51) 54321-0987', 'lucas.rodrigues@example.com', '1998-05-05'),
  ('Marina Oliveira', '000.000.000-36', 'F', '(62) 65432-1098', 'marina.oliveira@example.com', '1986-12-30'),
  ('João Almeida', '000.000.000-37', 'M', '(71) 43210-9876', 'joao.almeida@example.com', '1991-09-22'),
  ('Maria Costa', '000.000.000-38', 'F', '(81) 32109-8765', 'maria.costa@example.com', '1994-06-18'),
  ('Luiz Lima', '000.000.000-39', 'M', '(85) 21098-7654', 'luiz.lima@example.com', '1989-01-10'),
  ('Gabriela Silva', '000.000.000-40', 'F', '(95) 87654-3210', 'gabriela.silva@example.com', '1992-04-28'),
  ('Renata Costa', '000.000.000-41', 'F', '(11) 98765-4321', 'renata.costa@example.com', '1990-04-15'),
  ('Lucas Souza', '000.000.000-42', 'M', '(21) 99999-8888', 'lucas.souza@example.com', '1988-11-20'),
  ('Mariana Almeida', '000.000.000-43', 'F', '(31) 87654-3210', 'mariana.almeida@example.com', '1995-08-25'),
  ('André Lima', '000.000.000-44', 'M', '(41) 76543-2109', 'andre.lima@example.com', '1983-02-12'),
  ('Catarina Costa', '000.000.000-45', 'F', '(51) 54321-0987', 'catarina.costa@example.com', '1998-05-05'),
  ('Henrique Oliveira', '000.000.000-46', 'M', '(62) 65432-1098', 'henrique.oliveira@example.com', '1986-12-30'),
  ('Larissa Almeida', '000.000.000-47', 'F', '(71) 43210-9876', 'larissa.almeida@example.com', '1991-09-22'),
  ('Diego Costa', '000.000.000-48', 'M', '(81) 32109-8765', 'diego.costa@example.com', '1994-06-18'),
  ('Renata Lima', '000.000.000-49', 'F', '(85) 21098-7654', 'renata.lima@example.com', '1989-01-10'),
  ('Lucas Silva', '000.000.000-50', 'M', '(95) 87654-3210', 'lucas.silva@example.com', '1992-04-28');
  


-- -----------------------------------------------------
-- Table `bdcarona`.`endereco`
-- -----------------------------------------------------
CREATE TABLE IF NOT EXISTS `bdcarona`.`endereco` (
  `Estado` VARCHAR(50) NOT NULL,
  `EnderecoID` INT NOT NULL AUTO_INCREMENT,
  `Numero` INT NOT NULL,
  `Bairro` VARCHAR(100) NOT NULL,
  `Cidade` VARCHAR(100) NOT NULL,
  `Rua` VARCHAR(100) NOT NULL,
  `CEP` VARCHAR(45) NOT NULL,
  `Complemento` VARCHAR(50) NULL DEFAULT NULL,
  `idMotorista` VARCHAR(45) NULL DEFAULT NULL,
  `idPassageiro` VARCHAR(45) NULL DEFAULT NULL,
  PRIMARY KEY (`EnderecoID`),
  INDEX `idMotorista` (`idMotorista` ASC) VISIBLE,
  INDEX `idPassageiro` (`idPassageiro` ASC) VISIBLE,
  CONSTRAINT `endereco_ibfk_1`
    FOREIGN KEY (`idMotorista`)
    REFERENCES `bdcarona`.`motorista` (`CNHmotorista`),
  CONSTRAINT `endereco_ibfk_2`
    FOREIGN KEY (`idPassageiro`)
    REFERENCES `bdcarona`.`passageiro` (`CPF`))
ENGINE = InnoDB
AUTO_INCREMENT = 9
DEFAULT CHARACTER SET = utf8mb4
COLLATE = utf8mb4_0900_ai_ci;

INSERT INTO endereco (Estado, Numero, Bairro, Cidade, Rua, CEP, Complemento, idMotorista, idPassageiro)
VALUES
('Minas Gerais', 101, 'Siderurgia', 'Ouro Branco', 'Avenida dos Viajantes', '36415-000', NULL, 'CNH1', NULL),
('Minas Gerais', 102, 'Goiabeiras', 'Congonhas', 'Praça dos Poetas', '36415-000', NULL, NULL, '000.000.000-01'),
('Minas Gerais', 103, 'Centro', 'Conselheiro Lafaiete', 'Travessa dos Sonhadores', '36415-000', 'Casa 102', 'CNH2', NULL),
('Minas Gerais', 104, 'Joaquim Murtinho', 'Congonhas', 'Rua das Ondas', '36415-000', NULL, NULL, '000.000.000-02'),
('Minas Gerais', 105, 'Pioneiros', 'Ouro Branco', 'Alameda dos Girassóis', '36415-000', NULL, 'CNH3', NULL),
('Minas Gerais', 106, 'Pires', 'Congonhas', 'Rua das Artes', '36415-000', NULL, NULL, '000.000.000-03'),
('Minas Gerais', 107, 'Sao Joao', 'Conselheiro Lafaiete', 'Travessa da Felicidade', '36415-000', 'Casa 202', 'CNH4', NULL),
('Minas Gerais', 108, 'Piquiri', 'Congonhas', 'Rua da Harmonia', '36415-000', NULL, NULL, '000.000.000-04'),
('Minas Gerais', 109, 'Rosário', 'Congonhas', 'Avenida dos Viajantes', '36415-000', NULL, 'CNH5', NULL),
('Minas Gerais', 110, 'Primeiro de Maio', 'Ouro Branco', 'Travessa dos Sonhadores', '36415-000', NULL, NULL, '000.000.000-05'),
('Minas Gerais', 111, 'Joaquim Murtinho', 'Congonhas', 'Rua das Ondas', '36415-000', NULL, 'CNH6', NULL),
('Minas Gerais', 112, 'Santa Matilde', 'Conselheiro Lafaiete', 'Alameda dos Girassóis', '36415-000', 'Casa 102', NULL, '000.000.000-06'),
('Minas Gerais', 113, 'Goiabeiras', 'Congonhas', 'Avenida das Artes', '36415-000', NULL, 'CNH7', NULL),
('Minas Gerais', 114, 'Bandeirante', 'Ouro Branco', 'Travessa da Felicidade', '36415-000',NULL, NULL, '000.000.000-07'),
('Minas Gerais', 115, 'Joaquim Murtinho', 'Congonhas', 'Rua da Harmonia', '36415-000', NULL, 'CNH8', NULL),
('Minas Gerais', 116, 'Matriz', 'Conselheiro Lafaiete', 'Avenida dos Viajantes', '36415-000', NULL, NULL, '000.000.000-08'),
('Minas Gerais', 117, 'Pires', 'Congonhas', 'Travessa dos Sonhadores', '36415-000', 'Casa 202', 'CNH9', NULL),
('Minas Gerais', 118, 'Luzia Algusta', 'Ouro Branco', 'Rua das Ondas', '36415-000', NULL, NULL, '000.000.000-09'),
('Minas Gerais', 119, 'Rosário', 'Congonhas', 'Alameda dos Girassóis', '36415-000', NULL, 'CNH10', NULL),
('Minas Gerais', 120, 'Sao Dimas', 'Conselheiro Lafaiete', 'Avenida dos Viajantes', '36415-000',NULL, NULL, '000.000.000-10'),
('Minas Gerais', 121, 'Joaquim Murtinho', 'Congonhas', 'Travessa dos Sonhadores', '36415-000', 'Casa 102', 'CNH11', NULL),
('Minas Gerais', 122, 'Centro', 'Ouro Branco', 'Rua das Ondas', '36415-000', NULL, NULL, '000.000.000-11'),
('Minas Gerais', 123, 'Goiabeiras', 'Congonhas', 'Avenida das Artes', '36415-000', NULL, 'CNH12', NULL),
('Minas Gerais', 124, 'Praça da Bandeira', 'Conselheiro Lafaiete', 'Travessa da Felicidade', '36415-000', 'Casa 202',NULL, '000.000.000-12'),
('Minas Gerais', 125, 'Joaquim Murtinho', 'Congonhas', 'Rua da Harmonia', '36415-000', NULL, 'CNH13', NULL),
('Minas Gerais', 126, 'Incofindentes', 'Ouro Branco', 'Avenida dos Viajantes', '36415-000', NULL, NULL, '000.000.000-13'),
('Minas Gerais', 127, 'Pires', 'Congonhas', 'Travessa dos Sonhadores', '36415-000', 'Casa 202', 'CNH14', NULL),
('Minas Gerais', 128, 'Piquiri', 'Ouro Branco', 'Rua das Ondas', '36415-000', NULL, NULL, '000.000.000-14'),
('Minas Gerais', 129, 'Rosário', 'Congonhas', 'Alameda dos Girassóis', '36415-000', NULL, 'CNH15', NULL),
('Minas Gerais', 130, 'Praça do Cristo', 'Conselheiro Lafaiete', 'Avenida dos Viajantes', '36415-000',NULL, NULL, '000.000.000-15'),
('Minas Gerais', 131, 'Joaquim Murtinho', 'Congonhas', 'Travessa dos Sonhadores', '36415-000', 'Casa 102', 'CNH16', NULL),
('Minas Gerais', 132, 'Minas talco', 'Ouro Branco', 'Rua das Ondas', '36415-000', NULL, NULL, '000.000.000-16'),
('Minas Gerais', 133, 'Goiabeiras', 'Congonhas', 'Avenida das Artes', '36415-000', NULL, 'CNH17', NULL),
('Minas Gerais', 134, 'Sao Dimas', 'Conselheiro Lafaiete', 'Travessa da Felicidade', '36415-000', 'Casa 202',NULL, '000.000.000-17'),
('Minas Gerais', 135, 'Joaquim Murtinho', 'Congonhas', 'Rua da Harmonia', '36415-000', NULL, 'CNH18', NULL),
('Minas Gerais', 136, 'Belvedere', 'Ouro Branco', 'Avenida dos Viajantes', '36415-000', NULL, NULL, '000.000.000-18'),
('Minas Gerais', 137, 'Pires', 'Congonhas', 'Travessa dos Sonhadores', '36415-000', 'Casa 202', 'CNH19', NULL),
('Minas Gerais', 138, 'Piquiri', 'Ouro Branco', 'Rua das Ondas', '36415-000', NULL, NULL, '000.000.000-19'),
('Minas Gerais', 139, 'Rosário', 'Congonhas', 'Alameda dos Girassóis', '36415-000', NULL, 'CNH20', NULL),
('Minas Gerais', 140, 'Paulo Sexto', 'Conselheiro Lafaiete', 'Avenida dos Viajantes', '36415-000', NULL,NULL, '000.000.000-20'),
('Minas Gerais', 141, 'Joaquim Murtinho', 'Congonhas', 'Travessa dos Sonhadores', '36415-000', 'Casa 102', 'CNH21', NULL),
('Minas Gerais', 142, 'Boa Vista', 'Ouro Branco', 'Rua das Ondas', '36415-000', NULL, NULL, '000.000.000-21'),
('Minas Gerais', 143, 'Goiabeiras', 'Congonhas', 'Avenida das Artes', '36415-000', NULL, 'CNH22', NULL),
('Minas Gerais', 144, 'Cachoeira', 'Conselheiro Lafaiete', 'Travessa da Felicidade', '36415-000', 'Casa 202',NULL,  '000.000.000-22'),
('Minas Gerais', 145, 'Joaquim Murtinho', 'Congonhas', 'Rua da Harmonia', '36415-000', NULL, 'CNH23', NULL),
('Minas Gerais', 146, 'Matriz', 'Ouro Branco', 'Avenida dos Viajantes', '36415-000', NULL, NULL, '000.000.000-23'),
('Minas Gerais', 147, 'Pires', 'Congonhas', 'Travessa dos Sonhadores', '36415-000', 'Casa 202', 'CNH24', NULL),
('Minas Gerais', 148, 'Piquiri', 'Ouro Branco', 'Rua das Ondas', '36415-000', NULL, NULL, '000.000.000-24'),
('Minas Gerais', 149, 'Rosário', 'Congonhas', 'Alameda dos Girassóis', '36415-000', NULL, 'CNH25', NULL),
('Minas Gerais', 150, 'Amaro Ribeiro', 'Conselheiro Lafaiete', 'Avenida dos Viajantes', '36415-000',NULL, NULL, '000.000.000-25'),
('Minas Gerais', 151, 'Joaquim Murtinho', 'Congonhas', 'Travessa dos Sonhadores', '36415-000', 'Casa 102', 'CNH26', NULL),
('Minas Gerais', 152, 'Boa Vista', 'Ouro Branco', 'Rua das Ondas', '36415-000', NULL, NULL, '000.000.000-26'),
('Minas Gerais', 153, 'Goiabeiras', 'Congonhas', 'Avenida das Artes', '36415-000', NULL, 'CNH27', NULL),
('Minas Gerais', 154, 'Chapada', 'Conselheiro Lafaiete', 'Travessa da Felicidade', '36415-000', 'Casa 202',NULL, '000.000.000-27'),
('Minas Gerais', 155, 'Joaquim Murtinho', 'Congonhas', 'Rua da Harmonia', '36415-000', NULL, 'CNH28', NULL),
('Minas Gerais', 156, 'Centro', 'Ouro Branco', 'Avenida dos Viajantes', '36415-000', NULL, NULL, '000.000.000-28'),
('Minas Gerais', 157, 'Pires', 'Congonhas', 'Travessa dos Sonhadores', '36415-000', 'Casa 202', 'CNH29', NULL),
('Minas Gerais', 158, 'Centro', 'Ouro Branco', 'Rua das Ondas', '36415-000', NULL, NULL, '000.000.000-29'),
('Minas Gerais', 159, 'Rosário', 'Congonhas', 'Alameda dos Girassóis', '36415-000', NULL, 'CNH30', NULL),
('Minas Gerais', 160, 'Morro da Mina', 'Conselheiro Lafaiete', 'Avenida dos Viajantes', '36415-000',NULL, NULL, '000.000.000-30'),
('Minas Gerais', 161, 'Joaquim Murtinho', 'Congonhas', 'Travessa dos Sonhadores', '36415-000', 'Casa 102', 'CNH31', NULL),
('Minas Gerais', 162, 'Pioneiros', 'Ouro Branco', 'Rua das Ondas', '36415-000', NULL, NULL, '000.000.000-31'),
('Minas Gerais', 163, 'Goiabeiras', 'Congonhas', 'Avenida das Artes', '36415-000', NULL, 'CNH32', NULL),
('Minas Gerais', 164, 'Santo Antonio', 'Conselheiro Lafaiete', 'Travessa da Felicidade', '36415-000', 'Casa 202',NULL, '000.000.000-32'),
('Minas Gerais', 165, 'Joaquim Murtinho', 'Congonhas', 'Rua da Harmonia', '36415-000', NULL, 'CNH33', NULL),
('Minas Gerais', 166, 'Matriz', 'Ouro Branco', 'Avenida dos Viajantes', '36415-000', NULL, NULL, '000.000.000-33'),
('Minas Gerais', 167, 'Pires', 'Congonhas', 'Travessa dos Sonhadores', '36415-000', 'Casa 202', 'CNH34', NULL),
('Minas Gerais', 168, 'Gerdau', 'Ouro Branco', 'Rua das Ondas', '36415-000', NULL, NULL, '000.000.000-34'),
('Minas Gerais', 169, 'Rosário', 'Congonhas', 'Alameda dos Girassóis', '36415-000', NULL, 'CNH35', NULL),
('Minas Gerais', 170, 'Gigante', 'Conselheiro Lafaiete', 'Avenida dos Viajantes', '36415-000',NULL, NULL, '000.000.000-35'),
('Minas Gerais', 171, 'Joaquim Murtinho', 'Congonhas', 'Travessa dos Sonhadores', '36415-000', 'Casa 102', 'CNH36', NULL),
('Minas Gerais', 172, 'Boa Vista', 'Ouro Branco', 'Rua das Ondas', '36415-000', NULL, NULL, '000.000.000-36'),
('Minas Gerais', 173, 'Goiabeiras', 'Congonhas', 'Avenida das Artes', '36415-000', NULL, 'CNH37', NULL),
('Minas Gerais', 174, 'Santuario', 'Conselheiro Lafaiete', 'Travessa da Felicidade', '36415-000', 'Casa 202',NULL, '000.000.000-37'),
('Minas Gerais', 175, 'Joaquim Murtinho', 'Congonhas', 'Rua da Harmonia', '36415-000', NULL, 'CNH38', NULL),
('Minas Gerais', 176, 'Matriz', 'Ouro Branco', 'Avenida dos Viajantes', '36415-000', NULL, NULL, '000.000.000-38'),
('Minas Gerais', 177, 'Pires', 'Congonhas', 'Travessa dos Sonhadores', '36415-000', 'Casa 202', 'CNH39', NULL),
('Minas Gerais', 178, 'Siderurgia', 'Ouro Branco', 'Rua das Ondas', '36415-000', NULL, NULL, '000.000.000-39'),
('Minas Gerais', 179, 'Rosário', 'Congonhas', 'Alameda dos Girassóis', '36415-000', NULL, 'CNH40', NULL),
('Minas Gerais', 180, 'Rochedo', 'Conselheiro Lafaiete', 'Avenida dos Viajantes', '36415-000', NULL,NULL, '000.000.000-40'),
('Minas Gerais', 181, 'Joaquim Murtinho', 'Congonhas', 'Travessa dos Sonhadores', '36415-000', 'Casa 102', 'CNH41', NULL),
('Minas Gerais', 182, 'Primeiro de Maio', 'Ouro Branco', 'Rua das Ondas', '36415-000', NULL, NULL, '000.000.000-41'),
('Minas Gerais', 183, 'Goiabeiras', 'Congonhas', 'Avenida das Artes', '36415-000', NULL, 'CNH42', NULL),
('Minas Gerais', 184, 'Santa Clara', 'Conselheiro Lafaiete', 'Travessa da Felicidade', '36415-000', 'Casa 202',NULL, '000.000.000-42'),
('Minas Gerais', 185, 'Joaquim Murtinho', 'Congonhas', 'Rua da Harmonia', '36415-000', NULL, 'CNH43', NULL),
('Minas Gerais', 186, 'Centro', 'Ouro Branco', 'Avenida dos Viajantes', '36415-000', NULL, NULL, '000.000.000-43'),
('Minas Gerais', 187, 'Pires', 'Congonhas', 'Travessa dos Sonhadores', '36415-000', 'Casa 202', 'CNH44', NULL),
('Minas Gerais', 188, 'Incofidentes', 'Ouro Branco', 'Rua das Ondas', '36415-000', NULL, NULL, '000.000.000-44'),
('Minas Gerais', 189, 'Rosário', 'Congonhas', 'Alameda dos Girassóis', '36415-000', NULL, 'CNH45', NULL),
('Minas Gerais', 190, 'Novo Horizonte', 'Conselheiro Lafaiete', 'Avenida dos Viajantes', '36415-000', NULL,NULL, '000.000.000-45'),
('Minas Gerais', 191, 'Joaquim Murtinho', 'Congonhas', 'Travessa dos Sonhadores', '36415-000', 'Casa 102', 'CNH46', NULL),
('Minas Gerais', 192, 'Metalurgico', 'Ouro Branco', 'Rua das Ondas', '36415-000', NULL, NULL, '000.000.000-46'),
('Minas Gerais', 193, 'Goiabeiras', 'Congonhas', 'Avenida das Artes', '36415-000', NULL, 'CNH47', NULL),
('Minas Gerais', 194, 'Carijos', 'Conselheiro Lafaiete', 'Travessa da Felicidade', '36415-000', 'Casa 202',NULL, '000.000.000-47'),
('Minas Gerais', 195, 'Joaquim Murtinho', 'Congonhas', 'Rua da Harmonia', '36415-000', NULL, 'CNH48', NULL),
('Minas Gerais', 196, 'Centro', 'Ouro Branco', 'Avenida dos Viajantes', '36415-000', NULL, NULL, '000.000.000-48'),
('Minas Gerais', 197, 'Pires', 'Congonhas', 'Travessa dos Sonhadores', '36415-000', 'Casa 202', 'CNH49', NULL),
('Minas Gerais', 198, 'Bom Pastor', 'Ouro Branco', 'Rua das Ondas', '36415-000', NULL, NULL, '000.000.000-49'),
('Minas Gerais', 199, 'Rosário', 'Congonhas', 'Alameda dos Girassóis', '36415-000', NULL, 'CNH50', NULL),
('Minas Gerais', 200, 'Praia', 'Congonhas', 'Avenida dos Viajantes', '36415-000', NULL, NULL,'000.000.000-50');

-- -----------------------------------------------------
-- Table `bdcarona`.`viagem`
-- -----------------------------------------------------
CREATE TABLE IF NOT EXISTS `bdcarona`.`viagem` (
  `ViagemID` INT NOT NULL AUTO_INCREMENT,
  `Data` DATE NOT NULL,
  `Hora` TIME NOT NULL,
  `Destino` VARCHAR(100) NOT NULL,
  `Origem` VARCHAR(100) NOT NULL,
  `Preco` INT NOT NULL,
  `Vagas` INT NOT NULL,
  `idMotorista` VARCHAR(45) NOT NULL,
  `duracao` TIME NOT NULL,
  `ativo` BINARY(1) NULL DEFAULT '1',
  PRIMARY KEY (`ViagemID`),
  INDEX `idMotorista` (`idMotorista` ASC) VISIBLE,
  CONSTRAINT `viagem_ibfk_1`
    FOREIGN KEY (`idMotorista`)
    REFERENCES `bdcarona`.`motorista` (`CNHmotorista`))
ENGINE = InnoDB
-- AUTO_INCREMENT = 47
DEFAULT CHARACTER SET = utf8mb4
COLLATE = utf8mb4_0900_ai_ci;




INSERT INTO viagem (Data, Hora, Destino, Origem, Preco, Vagas, idMotorista, duracao, ativo)
VALUES


('2023-01-26', '09:30:00', 'Conselheiro Lafaiete', 'Ouro Branco', 20, 2, 'CNH7', '01:30:00', 0),
('2023-01-26', '12:00:00', 'Congonhas', 'Ouro Branco', 15, 1, 'CNH7', '01:00:00', 0),
('2023-01-27', '10:45:00', 'Conselheiro Lafaiete', 'Ouro Branco', 30, 3, 'CNH8', '02:30:00', 0),
('2023-01-27', '14:15:00', 'Ouro Branco', 'Ouro Branco', 50, 4, 'CNH1', '04:00:00', 0),
('2023-01-28', '11:30:00', 'Ouro Branco', 'Conselheiro Lafaiete', 10, 2, 'CNH28', '01:15:00', 0),
('2023-01-28', '15:45:00', 'Congonhas', 'Conselheiro Lafaiete', 25, 2, 'CNH29', '02:15:00', 0),
('2023-01-29', '10:00:00', 'Ouro Branco', 'Conselheiro Lafaiete', 40, 3, 'CNH42', '03:00:00', 0),
('2023-01-29', '13:30:00', 'Ouro Branco', 'Conselheiro Lafaiete', 35, 2, 'CNH33', '02:30:00', 0),
('2023-01-30', '12:15:00', 'Ouro Branco', 'Congonhas', 10, 2, 'CNH44', '01:30:00', 0),
('2023-01-30', '15:45:00', 'Ouro Branco', 'Congonhas', 50, 4, 'CNH23', '04:00:00', 0),
('2023-01-07', '15:45:00', 'Congonhas', 'Conselheiro Lafaiete', 25, 2, 'CNH21', '02:15:00', 0),
('2023-01-08', '10:00:00', 'Congonhas', 'Conselheiro Lafaiete', 40, 3, 'CNH23', '03:00:00', 0),
('2023-01-08', '13:30:00', 'Ouro Branco', 'Conselheiro Lafaiete', 35, 2, 'CNH50', '02:30:00', 0),
('2023-01-09', '12:15:00', 'Ouro Branco', 'Congonhas', 10, 2, 'CNH29', '01:30:00', 0),
('2023-01-09', '15:45:00', 'Conselheiro Lafaiete', 'Congonhas', 50, 4, 'CNH30', '04:00:00', 0),
('2023-01-10', '09:30:00', 'Conselheiro Lafaiete', 'Ouro Branco', 20, 2, 'CNH31', '01:30:00', 0),
('2023-01-10', '12:00:00', 'Congonhas', 'Ouro Branco', 15, 1, 'CNH32', '01:00:00', 0),
('2023-01-11', '10:45:00', 'Conselheiro Lafaiete', 'Ouro Branco', 30, 3, 'CNH33', '02:30:00', 0),
('2023-01-11', '14:15:00', 'Congonhas', 'Ouro Branco', 50, 4, 'CNH34', '04:00:00', 0),
('2023-01-12', '11:30:00', 'Ouro Branco', 'Conselheiro Lafaiete', 10, 2, 'CNH35', '01:15:00', 0),
('2023-01-12', '15:45:00', 'Congonhas', 'Conselheiro Lafaiete', 25, 2, 'CNH36', '02:15:00', 0),
('2023-01-13', '10:00:00', 'Congonhas', 'Conselheiro Lafaiete', 40, 3, 'CNH37', '03:00:00', 0),
('2023-01-13', '13:30:00', 'Ouro Branco', 'Conselheiro Lafaiete', 35, 2, 'CNH38', '02:30:00', 0),
('2023-01-14', '12:15:00', 'Ouro Branco', 'Congonhas', 10, 2, 'CNH39', '01:30:00', 0),
('2023-01-14', '15:45:00', 'Conselheiro Lafaiete', 'Congonhas', 50, 4, 'CNH40', '04:00:00', 0),
('2023-01-15', '09:30:00', 'Conselheiro Lafaiete', 'Ouro Branco', 20, 2, 'CNH41', '01:30:00', 0),
('2023-01-15', '12:00:00', 'Congonhas', 'Ouro Branco', 15, 1, 'CNH42', '01:00:00', 0),
('2023-01-16', '10:45:00', 'Conselheiro Lafaiete', 'Ouro Branco', 30, 3, 'CNH43', '02:30:00', 0),
('2023-01-16', '14:15:00', 'Congonhas', 'Ouro Branco', 50, 4, 'CNH44', '04:00:00', 0),
('2023-01-17', '11:30:00', 'Ouro Branco', 'Conselheiro Lafaiete', 10, 2, 'CNH45', '01:15:00', 0),
('2023-01-17', '15:45:00', 'Congonhas', 'Conselheiro Lafaiete', 25, 2, 'CNH46', '02:15:00', 0),
('2023-01-18', '10:00:00', 'Congonhas', 'Conselheiro Lafaiete', 40, 3, 'CNH47', '03:00:00', 0),
('2023-01-18', '13:30:00', 'Ouro Branco', 'Conselheiro Lafaiete', 35, 2, 'CNH48', '02:30:00', 0),
('2023-01-19', '12:15:00', 'Ouro Branco', 'Congonhas', 10, 2, 'CNH49', '01:30:00', 0),
('2023-01-19', '15:45:00', 'Conselheiro Lafaiete', 'Congonhas', 50, 4, 'CNH50', '04:00:00', 0),
('2023-01-20', '09:30:00', 'Conselheiro Lafaiete', 'Ouro Branco', 20, 2, 'CNH6', '01:30:00', 0),
('2023-01-20', '12:00:00', 'Congonhas', 'Ouro Branco', 15, 1, 'CNH3', '01:00:00', 0),
('2023-01-21', '10:45:00', 'Conselheiro Lafaiete', 'Ouro Branco', 30, 3, 'CNH3', '02:30:00', 0),
('2023-01-21', '14:15:00', 'Congonhas', 'Ouro Branco', 50, 4, 'CNH6', '04:00:00', 0),
('2023-01-22', '11:30:00', 'Ouro Branco', 'Conselheiro Lafaiete', 10, 2, 'CNH45', '01:15:00', 0),
('2023-01-22', '15:45:00', 'Congonhas', 'Conselheiro Lafaiete', 25, 2, 'CNH2', '02:15:00', 0),
('2023-01-23', '10:00:00', 'Congonhas', 'Conselheiro Lafaiete', 40, 3, 'CNH5', '03:00:00', 0),
('2023-01-23', '13:30:00', 'Ouro Branco', 'Conselheiro Lafaiete', 35, 2, 'CNH8', '02:30:00', 0),
('2023-01-24', '12:15:00', 'Ouro Branco', 'Congonhas', 10, 2, 'CNH17', '01:30:00', 0),
('2023-01-24', '15:45:00', 'Conselheiro Lafaiete', 'Congonhas', 50, 4, 'CNH27', '04:00:00', 0),
('2023-01-15', '09:30:00', 'Conselheiro Lafaiete', 'Ouro Branco', 20, 2, 'CNH18', '01:30:00', 0),
('2023-01-15', '12:00:00', 'Congonhas', 'Ouro Branco', 15, 1, 'CNH43', '01:00:00', 0),
('2023-01-16', '10:45:00', 'Conselheiro Lafaiete', 'Ouro Branco', 30, 3, 'CNH3', '02:30:00', 0),
('2023-01-16', '14:15:00', 'Congonhas', 'Ouro Branco', 50, 4, 'CNH34', '04:00:00', 0),
('2023-01-17', '11:30:00', 'Ouro Branco', 'Conselheiro Lafaiete', 10, 2, 'CNH15', '01:15:00', 0),
('2023-01-17', '15:45:00', 'Congonhas', 'Conselheiro Lafaiete', 25, 2, 'CNH16', '02:15:00', 0),
('2023-01-18', '10:00:00', 'Congonhas', 'Conselheiro Lafaiete', 40, 3, 'CNH17', '03:00:00', 0),
('2023-01-18', '13:30:00', 'Ouro Branco', 'Conselheiro Lafaiete', 35, 2, 'CNH28', '02:30:00', 0),
('2023-01-19', '12:15:00', 'Ouro Branco', 'Congonhas', 10, 2, 'CNH39', '01:30:00', 0),
('2023-01-19', '15:45:00', 'Conselheiro Lafaiete', 'Congonhas', 50, 4, 'CNH40', '04:00:00', 0),
('2023-01-09', '09:30:00', 'Conselheiro Lafaiete', 'Ouro Branco', 20, 2, 'CNH11', '01:30:00', 0),
('2023-01-09', '12:00:00', 'Congonhas', 'Ouro Branco', 15, 1, 'CNH22', '01:00:00', 0),
('2023-01-10', '10:45:00', 'Conselheiro Lafaiete', 'Ouro Branco', 30, 3, 'CNH43', '02:30:00', 0),
('2023-01-10', '14:15:00', 'Congonhas', 'Ouro Branco', 50, 4, 'CNH44', '04:00:00', 0),
('2023-01-11', '11:30:00', 'Ouro Branco', 'Conselheiro Lafaiete', 10, 2, 'CNH25', '01:15:00', 0),
('2023-01-11', '15:45:00', 'Congonhas', 'Conselheiro Lafaiete', 25, 2, 'CNH46', '02:15:00', 0),
('2023-01-12', '10:00:00', 'Congonhas', 'Conselheiro Lafaiete', 40, 3, 'CNH47', '03:00:00', 0),
('2023-01-12', '13:30:00', 'Ouro Branco', 'Conselheiro Lafaiete', 35, 2, 'CNH28', '02:30:00', 0),
('2023-01-13', '12:15:00', 'Ouro Branco', 'Congonhas', 10, 2, 'CNH49', '01:30:00', 0),
('2023-01-13', '15:45:00', 'Conselheiro Lafaiete', 'Congonhas', 50, 4, 'CNH40', '04:00:00', 0),
('2023-01-14', '09:30:00', 'Conselheiro Lafaiete', 'Ouro Branco', 20, 2, 'CNH1', '01:30:00', 0),
('2023-01-14', '12:00:00', 'Congonhas', 'Ouro Branco', 15, 1, 'CNH2', '01:00:00', 0),
('2023-01-15', '10:45:00', 'Conselheiro Lafaiete', 'Ouro Branco', 30, 3, 'CNH3', '02:30:00', 0),
('2023-01-15', '14:15:00', 'Congonhas', 'Ouro Branco', 50, 4, 'CNH4', '04:00:00', 0),
('2023-01-16', '11:30:00', 'Ouro Branco', 'Conselheiro Lafaiete', 10, 2, 'CNH35', '01:15:00', 0),
('2023-01-16', '15:45:00', 'Congonhas', 'Conselheiro Lafaiete', 25, 2, 'CNH36', '02:15:00', 0),
('2023-01-17', '10:00:00', 'Congonhas', 'Conselheiro Lafaiete', 40, 3, 'CNH43', '03:00:00', 0),
('2023-01-17', '13:30:00', 'Ouro Branco', 'Conselheiro Lafaiete', 35, 2, 'CNH38', '02:30:00', 0),
('2023-01-18', '12:15:00', 'Ouro Branco', 'Congonhas', 10, 2, 'CNH49', '01:30:00', 0),
('2023-01-18', '15:45:00', 'Conselheiro Lafaiete', 'Congonhas', 50, 4, 'CNH40', '04:00:00', 0),
('2023-01-15', '09:30:00', 'Conselheiro Lafaiete', 'Ouro Branco', 20, 2, 'CNH41', '01:30:00', 0),
('2023-01-15', '12:00:00', 'Congonhas', 'Ouro Branco', 15, 1, 'CNH43', '01:00:00', 0),
('2023-01-16', '10:45:00', 'Conselheiro Lafaiete', 'Ouro Branco', 30, 3, 'CNH13', '02:30:00', 0),
('2023-01-16', '14:15:00', 'Congonhas', 'Ouro Branco', 50, 4, 'CNH14', '04:00:00', 0),
('2023-01-17', '11:30:00', 'Ouro Branco', 'Conselheiro Lafaiete', 10, 2, 'CNH15', '01:15:00', 0),
('2023-01-17', '15:45:00', 'Congonhas', 'Conselheiro Lafaiete', 25, 2, 'CNH49', '02:15:00', 0),
('2023-01-18', '10:00:00', 'Congonhas', 'Conselheiro Lafaiete', 40, 3, 'CNH40', '03:00:00', 0),
('2023-01-18', '13:30:00', 'Ouro Branco', 'Conselheiro Lafaiete', 35, 2, 'CNH37', '02:30:00', 0),
('2023-01-19', '12:15:00', 'Ouro Branco', 'Congonhas', 10, 2, 'CNH47', '01:30:00', 0),
('2023-01-19', '15:45:00', 'Conselheiro Lafaiete', 'Congonhas', 50, 4, 'CNH44', '04:00:00', 0),
('2023-01-20', '09:30:00', 'Conselheiro Lafaiete', 'Ouro Branco', 20, 2, 'CNH41', '01:30:00', 0),
('2023-01-20', '12:00:00', 'Congonhas', 'Ouro Branco', 15, 1, 'CNH42', '01:00:00', 0),
('2023-01-21', '10:45:00', 'Conselheiro Lafaiete', 'Ouro Branco', 30, 3, 'CNH33', '02:30:00', 0),
('2023-01-21', '14:15:00', 'Congonhas', 'Ouro Branco', 50, 4, 'CNH44', '04:00:00', 0),
('2023-01-22', '11:30:00', 'Ouro Branco', 'Conselheiro Lafaiete', 10, 2, 'CNH35', '01:15:00', 0),
('2023-01-22', '15:45:00', 'Congonhas', 'Conselheiro Lafaiete', 25, 2, 'CNH6', '02:15:00', 0),
('2023-01-23', '10:00:00', 'Congonhas', 'Conselheiro Lafaiete', 40, 3, 'CNH37', '03:00:00', 0),
('2023-01-23', '13:30:00', 'Ouro Branco', 'Conselheiro Lafaiete', 35, 2, 'CNH8', '02:30:00', 0),
('2023-01-24', '12:15:00', 'Ouro Branco', 'Congonhas', 10, 2, 'CNH9', '01:30:00', 0),
('2023-01-24', '15:45:00', 'Conselheiro Lafaiete', 'Congonhas', 50, 4, 'CNH10', '04:00:00', 0),
('2023-01-25', '09:30:00', 'Conselheiro Lafaiete', 'Ouro Branco', 20, 2, 'CNH19', '01:30:00', 0),
('2023-01-25', '12:00:00', 'Congonhas', 'Ouro Branco', 15, 1, 'CNH40', '01:00:00', 0),
('2023-01-26', '10:45:00', 'Conselheiro Lafaiete', 'Ouro Branco', 30, 3, 'CNH50', '02:30:00', 0),
('2023-01-26', '14:15:00', 'Congonhas', 'Ouro Branco', 50, 4, 'CNH50', '04:00:00', 0),
('2023-01-27', '11:30:00', 'Ouro Branco', 'Conselheiro Lafaiete', 10, 2, 'CNH48', '01:15:00', 0),
('2023-01-27', '15:45:00', 'Congonhas', 'Conselheiro Lafaiete', 25, 2, 'CNH4', '02:15:00', 0),
('2023-01-28', '10:00:00', 'Congonhas', 'Conselheiro Lafaiete', 40, 3, 'CNH1', '03:00:00', 0),
('2023-01-28', '13:30:00', 'Ouro Branco', 'Conselheiro Lafaiete', 35, 2, 'CNH5', '02:30:00', 0),
('2023-01-10', '12:15:00', 'Ouro Branco', 'Congonhas', 10, 2, 'CNH7', '01:30:00', 0),
('2023-02-26', '09:30:00', 'Conselheiro Lafaiete', 'Ouro Branco', 20, 2, 'CNH1', '01:30:00', 0),
('2023-02-26', '12:00:00', 'Congonhas', 'Ouro Branco', 15, 1, 'CNH17', '01:00:00', 0),
('2023-02-27', '10:45:00', 'Conselheiro Lafaiete', 'Ouro Branco', 30, 3, 'CNH18', '02:30:00', 0),
('2023-02-27', '14:15:00', 'Ouro Branco', 'Ouro Branco', 50, 4, 'CNH15', '04:00:00', 0),
('2023-02-28', '11:30:00', 'Ouro Branco', 'Conselheiro Lafaiete', 10, 2, 'CNH20', '01:15:00', 0),
('2023-02-28', '15:45:00', 'Congonhas', 'Conselheiro Lafaiete', 25, 2, 'CNH28', '02:15:00', 0),
('2023-02-05', '10:00:00', 'Ouro Branco', 'Conselheiro Lafaiete', 40, 3, 'CNH22', '03:00:00', 0),
('2023-02-02', '13:30:00', 'Ouro Branco', 'Conselheiro Lafaiete', 35, 2, 'CNH2', '02:30:00', 0),
('2023-02-25', '12:15:00', 'Ouro Branco', 'Congonhas', 10, 2, 'CNH26', '01:30:00', 0),
('2023-02-16', '15:45:00', 'Ouro Branco', 'Congonhas', 50, 4, 'CNH29', '04:00:00', 0),
('2023-02-07', '15:45:00', 'Congonhas', 'Conselheiro Lafaiete', 25, 2, 'CNH50', '02:15:00', 0),
('2023-02-08', '10:00:00', 'Congonhas', 'Conselheiro Lafaiete', 40, 3, 'CNH1', '03:00:00', 0),
('2023-02-08', '13:30:00', 'Ouro Branco', 'Conselheiro Lafaiete', 35, 2, 'CNH8', '02:30:00', 0),
('2023-02-09', '12:15:00', 'Ouro Branco', 'Congonhas', 10, 2, 'CNH9', '01:30:00', 0),
('2023-02-09', '15:45:00', 'Conselheiro Lafaiete', 'Congonhas', 50, 4, 'CNH3', '04:00:00', 0),
('2023-02-10', '09:30:00', 'Conselheiro Lafaiete', 'Ouro Branco', 20, 2, 'CNH1', '01:30:00', 0),
('2023-02-10', '12:00:00', 'Congonhas', 'Ouro Branco', 15, 1, 'CNH2', '01:00:00', 0),
('2023-02-11', '10:45:00', 'Conselheiro Lafaiete', 'Ouro Branco', 30, 3, 'CNH43', '02:30:00', 0),
('2023-02-11', '14:15:00', 'Congonhas', 'Ouro Branco', 50, 4, 'CNH34', '04:00:00', 0),
('2023-02-12', '11:30:00', 'Ouro Branco', 'Conselheiro Lafaiete', 10, 2, 'CNH35', '01:15:00', 0),
('2023-02-12', '15:45:00', 'Congonhas', 'Conselheiro Lafaiete', 25, 2, 'CNH36', '02:15:00', 0),
('2023-02-13', '10:00:00', 'Congonhas', 'Conselheiro Lafaiete', 40, 3, 'CNH37', '03:00:00', 0),
('2023-02-13', '13:30:00', 'Ouro Branco', 'Conselheiro Lafaiete', 35, 2, 'CNH38', '02:30:00', 0),
('2023-02-14', '12:15:00', 'Ouro Branco', 'Congonhas', 10, 2, 'CNH39', '01:30:00', 0),
('2023-02-14', '15:45:00', 'Conselheiro Lafaiete', 'Congonhas', 50, 4, 'CNH40', '04:00:00', 0),
('2023-02-15', '09:30:00', 'Conselheiro Lafaiete', 'Ouro Branco', 20, 2, 'CNH41', '01:30:00', 0),
('2023-02-15', '12:00:00', 'Congonhas', 'Ouro Branco', 15, 1, 'CNH42', '01:00:00', 0),
('2023-02-16', '10:45:00', 'Conselheiro Lafaiete', 'Ouro Branco', 30, 3, 'CNH43', '02:30:00', 0),
('2023-02-16', '14:15:00', 'Congonhas', 'Ouro Branco', 50, 4, 'CNH44', '04:00:00', 0),
('2023-02-17', '11:30:00', 'Ouro Branco', 'Conselheiro Lafaiete', 10, 2, 'CNH45', '01:15:00', 0),
('2023-02-17', '15:45:00', 'Congonhas', 'Conselheiro Lafaiete', 25, 2, 'CNH36', '02:15:00', 0),
('2023-02-18', '10:00:00', 'Congonhas', 'Conselheiro Lafaiete', 40, 3, 'CNH17', '03:00:00', 0),
('2023-02-18', '13:30:00', 'Ouro Branco', 'Conselheiro Lafaiete', 35, 2, 'CNH48', '02:30:00', 0),
('2023-02-19', '12:15:00', 'Ouro Branco', 'Congonhas', 10, 2, 'CNH49', '01:30:00', 0),
('2023-02-19', '15:45:00', 'Conselheiro Lafaiete', 'Congonhas', 50, 4, 'CNH50', '04:00:00', 0),
('2023-02-20', '09:30:00', 'Conselheiro Lafaiete', 'Ouro Branco', 20, 2, 'CNH5', '01:30:00', 0),
('2023-02-20', '12:00:00', 'Congonhas', 'Ouro Branco', 15, 1, 'CNH50', '01:00:00', 0),
('2023-02-21', '10:45:00', 'Conselheiro Lafaiete', 'Ouro Branco', 30, 3, 'CNH3', '02:30:00', 0),
('2023-02-21', '14:15:00', 'Congonhas', 'Ouro Branco', 50, 4, 'CNH54', '04:00:00', 0),
('2023-02-22', '11:30:00', 'Ouro Branco', 'Conselheiro Lafaiete', 10, 2, 'CNH5', '01:15:00', 0),
('2023-02-22', '15:45:00', 'Congonhas', 'Conselheiro Lafaiete', 25, 2, 'CNH50', '02:15:00', 0),
('2023-02-23', '10:00:00', 'Congonhas', 'Conselheiro Lafaiete', 40, 3, 'CNH7', '03:00:00', 0),
('2023-02-23', '13:30:00', 'Ouro Branco', 'Conselheiro Lafaiete', 35, 2, 'CNH8', '02:30:00', 0),
('2023-02-24', '12:15:00', 'Ouro Branco', 'Congonhas', 10, 2, 'CNH5', '01:30:00', 0),
('2023-02-24', '15:45:00', 'Conselheiro Lafaiete', 'Congonhas', 50, 4, 'CNH6', '04:00:00', 0),
('2023-02-15', '09:30:00', 'Conselheiro Lafaiete', 'Ouro Branco', 20, 2, 'CNH4', '01:30:00', 0),
('2023-02-15', '12:00:00', 'Congonhas', 'Ouro Branco', 15, 1, 'CNH32', '01:00:00', 0),
('2023-02-16', '10:45:00', 'Conselheiro Lafaiete', 'Ouro Branco', 30, 3, 'CNH43', '02:30:00', 0),
('2023-02-16', '14:15:00', 'Congonhas', 'Ouro Branco', 50, 4, 'CNH14', '04:00:00', 0),
('2023-02-17', '11:30:00', 'Ouro Branco', 'Conselheiro Lafaiete', 10, 2, 'CNH15', '01:15:00', 0),
('2023-02-17', '15:45:00', 'Congonhas', 'Conselheiro Lafaiete', 25, 2, 'CNH6', '02:15:00', 0),
('2023-02-18', '10:00:00', 'Congonhas', 'Conselheiro Lafaiete', 40, 3, 'CNH4', '03:00:00', 0),
('2023-02-18', '13:30:00', 'Ouro Branco', 'Conselheiro Lafaiete', 35, 2, 'CNH8', '02:30:00', 0),
('2023-02-19', '12:15:00', 'Ouro Branco', 'Congonhas', 10, 2, 'CNH9', '01:30:00', 0),
('2023-02-19', '15:45:00', 'Conselheiro Lafaiete', 'Congonhas', 50, 4, 'CNH44', '04:00:00', 0),
('2023-02-09', '09:30:00', 'Conselheiro Lafaiete', 'Ouro Branco', 20, 2, 'CNH31', '01:30:00', 0),
('2023-02-09', '12:00:00', 'Congonhas', 'Ouro Branco', 15, 1, 'CNH42', '01:00:00', 0),
('2023-02-10', '10:45:00', 'Conselheiro Lafaiete', 'Ouro Branco', 30, 3, 'CNH33', '02:30:00', 0),
('2023-02-10', '14:15:00', 'Congonhas', 'Ouro Branco', 50, 4, 'CNH44', '04:00:00', 0),
('2023-02-11', '11:30:00', 'Ouro Branco', 'Conselheiro Lafaiete', 10, 2, 'CNH45', '01:15:00', 0),
('2023-03-01', '09:30:00', 'Conselheiro Lafaiete', 'Ouro Branco', 20, 2, 'CNH1', '01:30:00', 0),
('2023-03-02', '12:00:00', 'Congonhas', 'Ouro Branco', 15, 1, 'CNH17', '01:00:00', 0),
('2023-03-03', '10:45:00', 'Conselheiro Lafaiete', 'Ouro Branco', 30, 3, 'CNH18', '02:30:00', 0),
('2023-03-04', '14:15:00', 'Ouro Branco', 'Ouro Branco', 50, 4, 'CNH19', '04:00:00', 0),
('2023-03-05', '11:30:00', 'Ouro Branco', 'Conselheiro Lafaiete', 10, 2, 'CNH20', '01:15:00', 0),
('2023-03-06', '15:45:00', 'Congonhas', 'Conselheiro Lafaiete', 25, 2, 'CNH21', '02:15:00', 0),
('2023-03-07', '10:00:00', 'Ouro Branco', 'Conselheiro Lafaiete', 40, 3, 'CNH49', '03:00:00', 0),
('2023-03-08', '13:30:00', 'Ouro Branco', 'Conselheiro Lafaiete', 35, 2, 'CNH23', '02:30:00', 0),
('2023-03-09', '12:15:00', 'Ouro Branco', 'Congonhas', 10, 2, 'CNH24', '01:30:00', 0),
('2023-03-10', '15:45:00', 'Ouro Branco', 'Congonhas', 50, 4, 'CNH45', '04:00:00', 0),
('2023-03-11', '15:45:00', 'Congonhas', 'Conselheiro Lafaiete', 25, 2, 'CNH26', '02:15:00', 0),
('2023-03-12', '10:00:00', 'Congonhas', 'Conselheiro Lafaiete', 40, 3, 'CNH7', '03:00:00', 0),
('2023-03-13', '13:30:00', 'Ouro Branco', 'Conselheiro Lafaiete', 35, 2, 'CNH2', '02:30:00', 0),
('2023-03-14', '12:15:00', 'Ouro Branco', 'Congonhas', 10, 2, 'CNH22', '01:30:00', 0),
('2023-03-15', '15:45:00', 'Conselheiro Lafaiete', 'Congonhas', 50, 4, 'CNH39', '04:00:00', 0),
('2023-03-16', '09:30:00', 'Conselheiro Lafaiete', 'Ouro Branco', 20, 2, 'CNH37', '01:30:00', 0),
('2023-03-17', '12:00:00', 'Congonhas', 'Ouro Branco', 15, 1, 'CNH35', '01:00:00', 0),
('2023-03-18', '10:45:00', 'Conselheiro Lafaiete', 'Ouro Branco', 30, 3, 'CNH23', '02:30:00', 0),
('2023-03-19', '14:15:00', 'Congonhas', 'Ouro Branco', 50, 4, 'CNH27', '04:00:00', 0),
('2023-03-20', '11:30:00', 'Ouro Branco', 'Conselheiro Lafaiete', 10, 2, 'CNH3', '01:15:00', 0),
('2023-03-21', '15:45:00', 'Congonhas', 'Conselheiro Lafaiete', 25, 2, 'CNH1', '02:15:00', 0),
('2023-03-22', '10:00:00', 'Congonhas', 'Conselheiro Lafaiete', 40, 3, 'CNH1', '03:00:00', 0),
('2023-03-23', '13:30:00', 'Ouro Branco', 'Conselheiro Lafaiete', 35, 2, 'CNH45', '02:30:00', 0),
('2023-03-24', '12:15:00', 'Ouro Branco', 'Congonhas', 10, 2, 'CNH30', '01:30:00', 0),
('2023-03-25', '15:45:00', 'Conselheiro Lafaiete', 'Congonhas', 50, 4, 'CNH40', '04:00:00', 0),
('2023-03-26', '09:30:00', 'Conselheiro Lafaiete', 'Ouro Branco', 20, 2, 'CNH40', '01:30:00', 0),
('2023-03-27', '12:00:00', 'Congonhas', 'Ouro Branco', 15, 1, 'CNH40', '01:00:00', 0),
('2023-03-28', '10:45:00', 'Conselheiro Lafaiete', 'Ouro Branco', 30, 3, 'CNH3', '02:30:00', 0),
('2023-03-29', '14:15:00', 'Congonhas', 'Ouro Branco', 50, 4, 'CNH40', '04:00:00', 0),
('2023-03-30', '11:30:00', 'Ouro Branco', 'Conselheiro Lafaiete', 10, 2, 'CNH50', '01:15:00', 0),
('2023-03-31', '15:45:00', 'Congonhas', 'Conselheiro Lafaiete', 25, 2, 'CNH6', '02:15:00', 0),
('2023-03-01', '10:00:00', 'Congonhas', 'Conselheiro Lafaiete', 40, 3, 'CNH4', '03:00:00', 0),
('2023-03-02', '13:30:00', 'Ouro Branco', 'Conselheiro Lafaiete', 35, 2, 'CNH8', '02:30:00', 0),
('2023-03-03', '12:15:00', 'Ouro Branco', 'Congonhas', 10, 2, 'CNH9', '01:30:00', 0),
('2023-03-04', '15:45:00', 'Conselheiro Lafaiete', 'Congonhas', 50, 4, 'CNH5', '04:00:00', 0),
('2023-03-05', '09:30:00', 'Conselheiro Lafaiete', 'Ouro Branco', 20, 2, 'CNH1', '01:30:00', 0),
('2023-03-06', '12:00:00', 'Congonhas', 'Ouro Branco', 15, 1, 'CNH5', '01:00:00', 0),
('2023-03-07', '10:45:00', 'Conselheiro Lafaiete', 'Ouro Branco', 30, 3, 'CNH13', '02:30:00', 0),
('2023-03-08', '14:15:00', 'Congonhas', 'Ouro Branco', 50, 4, 'CNH18', '04:00:00', 0),
('2023-03-09', '11:30:00', 'Ouro Branco', 'Conselheiro Lafaiete', 10, 2, 'CNH27', '01:15:00', 0),
('2023-03-10', '15:45:00', 'Congonhas', 'Conselheiro Lafaiete', 25, 2, 'CNH38', '02:15:00', 0),
('2023-03-11', '10:00:00', 'Congonhas', 'Conselheiro Lafaiete', 40, 3, 'CNH17', '03:00:00', 0),
('2023-03-12', '13:30:00', 'Ouro Branco', 'Conselheiro Lafaiete', 35, 2, 'CNH48', '02:30:00', 0),
('2023-03-13', '12:15:00', 'Ouro Branco', 'Congonhas', 10, 2, 'CNH11', '01:30:00', 0),
('2023-03-14', '15:45:00', 'Conselheiro Lafaiete', 'Congonhas', 50, 4, 'CNH10', '04:00:00', 0),
('2023-03-15', '09:30:00', 'Conselheiro Lafaiete', 'Ouro Branco', 20, 2, 'CNH10', '01:30:00', 0),
('2023-03-16', '12:00:00', 'Congonhas', 'Ouro Branco', 15, 1, 'CNH10', '01:00:00', 0),
('2023-03-17', '10:45:00', 'Conselheiro Lafaiete', 'Ouro Branco', 30, 3, 'CNH20', '02:30:00', 0),
('2023-03-18', '14:15:00', 'Congonhas', 'Ouro Branco', 50, 4, 'CNH12', '04:00:00', 0),
('2023-03-19', '11:30:00', 'Ouro Branco', 'Conselheiro Lafaiete', 10, 2, 'CNH12', '01:15:00', 0),
('2023-03-20', '15:45:00', 'Congonhas', 'Conselheiro Lafaiete', 25, 2, 'CNH12', '02:15:00', 0),
('2023-03-21', '10:00:00', 'Congonhas', 'Conselheiro Lafaiete', 40, 3, 'CNH15', '03:00:00', 0),
('2023-04-01', '09:30:00', 'Conselheiro Lafaiete', 'Ouro Branco', 20, 2, 'CNH16', '01:30:00', 0),
('2023-04-02', '12:00:00', 'Congonhas', 'Ouro Branco', 15, 1, 'CNH13', '01:00:00', 0),
('2023-04-03', '10:45:00', 'Conselheiro Lafaiete', 'Ouro Branco', 30, 3, 'CNH16', '02:30:00', 0),
('2023-04-04', '14:15:00', 'Ouro Branco', 'Ouro Branco', 50, 4, 'CNH23', '04:00:00', 0),
('2023-04-05', '11:30:00', 'Ouro Branco', 'Conselheiro Lafaiete', 10, 2, 'CNH29', '01:15:00', 0),
('2023-04-06', '15:45:00', 'Congonhas', 'Conselheiro Lafaiete', 25, 2, 'CNH21', '02:15:00', 0),
('2023-04-07', '10:00:00', 'Ouro Branco', 'Conselheiro Lafaiete', 40, 3, 'CNH45', '03:00:00', 0),
('2023-04-08', '13:30:00', 'Ouro Branco', 'Conselheiro Lafaiete', 35, 2, 'CNH23', '02:30:00', 0),
('2023-04-09', '12:15:00', 'Ouro Branco', 'Congonhas', 10, 2, 'CNH24', '01:30:00', 0),
('2023-04-10', '15:45:00', 'Ouro Branco', 'Congonhas', 50, 4, 'CNH25', '04:00:00', 0),
('2023-04-11', '15:45:00', 'Congonhas', 'Conselheiro Lafaiete', 25, 2, 'CNH26', '02:15:00', 0),
('2023-04-12', '10:00:00', 'Congonhas', 'Conselheiro Lafaiete', 40, 3, 'CNH27', '03:00:00', 0),
('2023-04-13', '13:30:00', 'Ouro Branco', 'Conselheiro Lafaiete', 35, 2, 'CNH28', '02:30:00', 0),
('2023-04-14', '12:15:00', 'Ouro Branco', 'Congonhas', 10, 2, 'CNH29', '01:30:00', 0),
('2023-04-15', '15:45:00', 'Conselheiro Lafaiete', 'Congonhas', 50, 4, 'CNH30', '04:00:00', 0),
('2023-04-16', '09:30:00', 'Conselheiro Lafaiete', 'Ouro Branco', 20, 2, 'CNH31', '01:30:00', 0),
('2023-04-17', '12:00:00', 'Congonhas', 'Ouro Branco', 15, 1, 'CNH32', '01:00:00', 0),
('2023-04-18', '10:45:00', 'Conselheiro Lafaiete', 'Ouro Branco', 30, 3, 'CNH33', '02:30:00', 0),
('2023-04-19', '14:15:00', 'Congonhas', 'Ouro Branco', 50, 4, 'CNH34', '04:00:00', 0),
('2023-04-20', '11:30:00', 'Ouro Branco', 'Conselheiro Lafaiete', 10, 2, 'CNH35', '01:15:00', 0),
('2023-04-21', '15:45:00', 'Congonhas', 'Conselheiro Lafaiete', 25, 2, 'CNH36', '02:15:00', 0),
('2023-04-22', '10:00:00', 'Congonhas', 'Conselheiro Lafaiete', 40, 3, 'CNH37', '03:00:00', 0),
('2023-04-23', '13:30:00', 'Ouro Branco', 'Conselheiro Lafaiete', 35, 2, 'CNH38', '02:30:00', 0),
('2023-04-24', '12:15:00', 'Ouro Branco', 'Congonhas', 10, 2, 'CNH39', '01:30:00', 0),
('2023-04-25', '15:45:00', 'Conselheiro Lafaiete', 'Congonhas', 50, 4, 'CNH40', '04:00:00', 0),
('2023-04-26', '09:30:00', 'Conselheiro Lafaiete', 'Ouro Branco', 20, 2, 'CNH41', '01:30:00', 0),
('2023-04-27', '12:00:00', 'Congonhas', 'Ouro Branco', 15, 1, 'CNH42', '01:00:00', 0),
('2023-04-28', '10:45:00', 'Conselheiro Lafaiete', 'Ouro Branco', 30, 3, 'CNH43', '02:30:00', 0),
('2023-04-29', '14:15:00', 'Congonhas', 'Ouro Branco', 50, 4, 'CNH44', '04:00:00', 0),
('2023-04-30', '11:30:00', 'Ouro Branco', 'Conselheiro Lafaiete', 10, 2, 'CNH4', '01:15:00', 0),
('2023-04-01', '15:45:00', 'Ouro Branco', 'Congonhas', 50, 4, 'CNH46', '04:00:00', 0),
('2023-04-02', '09:30:00', 'Conselheiro Lafaiete', 'Ouro Branco', 20, 2, 'CNH7', '01:30:00', 0),
('2023-04-03', '12:00:00', 'Congonhas', 'Ouro Branco', 15, 1, 'CNH48', '01:00:00', 0),
('2023-04-04', '10:45:00', 'Conselheiro Lafaiete', 'Ouro Branco', 30, 3, 'CNH19', '02:30:00', 0),
('2023-04-05', '14:15:00', 'Congonhas', 'Ouro Branco', 50, 4, 'CNH50', '04:00:00', 0),
('2023-04-06', '11:30:00', 'Ouro Branco', 'Conselheiro Lafaiete', 10, 2, 'CNH1', '01:15:00', 0),
('2023-04-07', '15:45:00', 'Congonhas', 'Conselheiro Lafaiete', 25, 2, 'CNH5', '02:15:00', 0),
('2023-04-08', '10:00:00', 'Congonhas', 'Conselheiro Lafaiete', 40, 3, 'CNH43', '03:00:00', 0),
('2023-04-09', '13:30:00', 'Ouro Branco', 'Conselheiro Lafaiete', 35, 2, 'CNH15', '02:30:00', 0),
('2023-04-10', '12:15:00', 'Ouro Branco', 'Congonhas', 10, 2, 'CNH41', '01:30:00', 0),
('2023-04-11', '15:45:00', 'Conselheiro Lafaiete', 'Congonhas', 50, 4, 'CNH41', '04:00:00', 0),
('2023-04-12', '09:30:00', 'Conselheiro Lafaiete', 'Ouro Branco', 20, 2, 'CNH31', '01:30:00', 0),
('2023-04-13', '12:00:00', 'Congonhas', 'Ouro Branco', 15, 1, 'CNH23', '01:00:00', 0),
('2023-04-14', '10:45:00', 'Conselheiro Lafaiete', 'Ouro Branco', 30, 3, 'CNH22', '02:30:00', 0),
('2023-04-15', '14:15:00', 'Congonhas', 'Ouro Branco', 50, 4, 'CNH40', '04:00:00', 0),
('2023-04-16', '11:30:00', 'Ouro Branco', 'Conselheiro Lafaiete', 10, 2, 'CNH26', '01:15:00', 0),
('2023-05-06', '15:45:00', 'Congonhas', 'Conselheiro Lafaiete', 25, 2, 'CNH21', '02:15:00', 0),
('2023-05-07', '10:00:00', 'Ouro Branco', 'Conselheiro Lafaiete', 40, 3, 'CNH22', '03:00:00', 0),
('2023-05-08', '13:30:00', 'Ouro Branco', 'Conselheiro Lafaiete', 35, 2, 'CNH23', '02:30:00', 0),
('2023-05-09', '12:15:00', 'Ouro Branco', 'Congonhas', 10, 2, 'CNH24', '01:30:00', 0),
('2023-05-10', '15:45:00', 'Conselheiro Lafaiete', 'Congonhas', 50, 4, 'CNH25', '04:00:00', 0),
('2023-05-11', '09:30:00', 'Conselheiro Lafaiete', 'Ouro Branco', 20, 2, 'CNH26', '01:30:00', 0),
('2023-05-12', '12:00:00', 'Congonhas', 'Ouro Branco', 15, 1, 'CNH27', '01:00:00', 0),
('2023-05-13', '10:45:00', 'Conselheiro Lafaiete', 'Ouro Branco', 30, 3, 'CNH28', '02:30:00', 0),
('2023-05-14', '14:15:00', 'Congonhas', 'Ouro Branco', 50, 4, 'CNH29', '04:00:00', 0),
('2023-05-15', '11:30:00', 'Ouro Branco', 'Conselheiro Lafaiete', 10, 2, 'CNH30', '01:15:00', 0),
('2023-05-16', '15:45:00', 'Congonhas', 'Conselheiro Lafaiete', 25, 2, 'CNH31', '02:15:00', 0),
('2023-05-17', '10:00:00', 'Congonhas', 'Conselheiro Lafaiete', 40, 3, 'CNH32', '03:00:00', 0),
('2023-05-18', '13:30:00', 'Ouro Branco', 'Conselheiro Lafaiete', 35, 2, 'CNH33', '02:30:00', 0),
('2023-05-19', '12:15:00', 'Ouro Branco', 'Congonhas', 10, 2, 'CNH34', '01:30:00', 0),
('2023-05-20', '15:45:00', 'Conselheiro Lafaiete', 'Congonhas', 50, 4, 'CNH35', '04:00:00', 0),
('2023-05-21', '09:30:00', 'Conselheiro Lafaiete', 'Ouro Branco', 20, 2, 'CNH36', '01:30:00', 0),
('2023-05-22', '12:00:00', 'Congonhas', 'Ouro Branco', 15, 1, 'CNH37', '01:00:00', 0),
('2023-05-23', '10:45:00', 'Conselheiro Lafaiete', 'Ouro Branco', 30, 3, 'CNH38', '02:30:00', 0),
('2023-05-24', '14:15:00', 'Congonhas', 'Ouro Branco', 50, 4, 'CNH39', '04:00:00', 0),
('2023-05-25', '11:30:00', 'Ouro Branco', 'Conselheiro Lafaiete', 10, 2, 'CNH40', '01:15:00', 0),
('2023-05-26', '15:45:00', 'Congonhas', 'Conselheiro Lafaiete', 25, 2, 'CNH41', '02:15:00', 0),
('2023-05-27', '10:00:00', 'Congonhas', 'Conselheiro Lafaiete', 40, 3, 'CNH42', '03:00:00', 0),
('2023-05-28', '13:30:00', 'Ouro Branco', 'Conselheiro Lafaiete', 35, 2, 'CNH43', '02:30:00', 0),
('2023-05-29', '12:15:00', 'Ouro Branco', 'Congonhas', 10, 2, 'CNH44', '01:30:00', 0),
('2023-05-30', '15:45:00', 'Conselheiro Lafaiete', 'Congonhas', 50, 4, 'CNH45', '04:00:00', 0),
('2023-05-31', '09:30:00', 'Conselheiro Lafaiete', 'Ouro Branco', 20, 2, 'CNH46', '01:30:00', 0),
('2023-05-01', '15:45:00', 'Ouro Branco', 'Congonhas', 50, 4, 'CNH47', '04:00:00', 0),
('2023-05-02', '09:30:00', 'Conselheiro Lafaiete', 'Ouro Branco', 20, 2, 'CNH48', '01:30:00', 0),
('2023-05-03', '12:00:00', 'Congonhas', 'Ouro Branco', 15, 1, 'CNH49', '01:00:00', 0),
('2023-05-04', '10:45:00', 'Conselheiro Lafaiete', 'Ouro Branco', 30, 3, 'CNH11', '02:30:00', 0),
('2023-05-05', '14:15:00', 'Congonhas', 'Ouro Branco', 50, 4, 'CNH19', '04:00:00', 0),
('2023-05-06', '11:30:00', 'Ouro Branco', 'Conselheiro Lafaiete', 10, 2, 'CNH13', '01:15:00', 0),
('2023-05-07', '15:45:00', 'Congonhas', 'Conselheiro Lafaiete', 25, 2, 'CNH34', '02:15:00', 0),
('2023-05-08', '10:00:00', 'Congonhas', 'Conselheiro Lafaiete', 40, 3, 'CNH38', '03:00:00', 0),
('2023-05-09', '13:30:00', 'Ouro Branco', 'Conselheiro Lafaiete', 35, 2, 'CNH49', '02:30:00', 0),
('2023-05-10', '12:15:00', 'Ouro Branco', 'Congonhas', 10, 2, 'CNH44', '01:30:00', 0),
('2023-05-11', '15:45:00', 'Conselheiro Lafaiete', 'Congonhas', 50, 4, 'CNH23', '04:00:00', 0),
('2023-05-12', '09:30:00', 'Conselheiro Lafaiete', 'Ouro Branco', 20, 2, 'CNH26', '01:30:00', 0),
('2023-05-13', '12:00:00', 'Congonhas', 'Ouro Branco', 15, 1, 'CNH50', '01:00:00', 0),
('2023-05-14', '10:45:00', 'Conselheiro Lafaiete', 'Ouro Branco', 30, 3, 'CNH17', '02:30:00', 0),
('2023-05-15', '14:15:00', 'Congonhas', 'Ouro Branco', 50, 4, 'CNH6', '04:00:00', 0),
('2023-06-01', '09:30:00', 'Conselheiro Lafaiete', 'Ouro Branco', 20, 2, 'CNH2', '01:30:00', 0),
('2023-06-02', '12:00:00', 'Congonhas', 'Ouro Branco', 15, 1, 'CNH33', '01:00:00', 0),
('2023-06-03', '10:45:00', 'Conselheiro Lafaiete', 'Ouro Branco', 30, 3, 'CNH6', '02:30:00', 0),
('2023-06-04', '14:15:00', 'Ouro Branco', 'Ouro Branco', 50, 4, 'CNH5', '04:00:00', 0),
('2023-06-05', '11:30:00', 'Ouro Branco', 'Conselheiro Lafaiete', 10, 2, 'CNH26', '01:15:00', 0),
('2023-06-06', '15:45:00', 'Congonhas', 'Conselheiro Lafaiete', 25, 2, 'CNH47', '02:15:00', 0),
('2023-06-07', '10:00:00', 'Congonhas', 'Conselheiro Lafaiete', 40, 3, 'CNH38', '03:00:00', 0),
('2023-06-08', '13:30:00', 'Ouro Branco', 'Conselheiro Lafaiete', 35, 2, 'CNH19', '02:30:00', 0),
('2023-06-09', '12:15:00', 'Ouro Branco', 'Congonhas', 10, 2, 'CNH10', '01:30:00', 0),
('2023-06-10', '15:45:00', 'Conselheiro Lafaiete', 'Congonhas', 50, 4, 'CNH41', '04:00:00', 0),
('2023-06-11', '09:30:00', 'Conselheiro Lafaiete', 'Ouro Branco', 20, 2, 'CNH32', '01:30:00', 0),
('2023-06-12', '12:00:00', 'Congonhas', 'Ouro Branco', 15, 1, 'CNH43', '01:00:00', 0),
('2023-06-13', '10:45:00', 'Conselheiro Lafaiete', 'Ouro Branco', 30, 3, 'CNH4', '02:30:00', 0),
('2023-06-14', '14:15:00', 'Congonhas', 'Ouro Branco', 50, 4, 'CNH7', '04:00:00', 0),
('2023-06-15', '11:30:00', 'Ouro Branco', 'Conselheiro Lafaiete', 10, 2, 'CNH6', '01:15:00', 0),
('2023-06-16', '15:45:00', 'Congonhas', 'Conselheiro Lafaiete', 25, 2, 'CNH7', '02:15:00', 0),
('2023-06-17', '10:00:00', 'Congonhas', 'Conselheiro Lafaiete', 40, 3, 'CNH8', '03:00:00', 0),
('2023-06-18', '13:30:00', 'Ouro Branco', 'Conselheiro Lafaiete', 35, 2, 'CNH7', '02:30:00', 0),
('2023-06-19', '12:15:00', 'Ouro Branco', 'Congonhas', 10, 2, 'CNH50', '01:30:00', 0),
('2023-06-20', '15:45:00', 'Conselheiro Lafaiete', 'Congonhas', 50, 4, 'CNH21', '04:00:00', 0),
('2023-06-21', '09:30:00', 'Conselheiro Lafaiete', 'Ouro Branco', 20, 2, 'CNH32', '01:30:00', 0),
('2023-06-22', '12:00:00', 'Congonhas', 'Ouro Branco', 15, 1, 'CNH4', '01:00:00', 0),
('2023-06-23', '10:45:00', 'Conselheiro Lafaiete', 'Ouro Branco', 30, 3, 'CNH24', '02:30:00', 0),
('2023-06-24', '14:15:00', 'Congonhas', 'Ouro Branco', 50, 4, 'CNH45', '04:00:00', 0),
('2023-06-25', '11:30:00', 'Ouro Branco', 'Conselheiro Lafaiete', 10, 2, 'CNH23', '01:15:00', 0),
('2023-06-26', '15:45:00', 'Congonhas', 'Conselheiro Lafaiete', 25, 2, 'CNH7', '02:15:00', 0),
('2023-06-27', '10:00:00', 'Congonhas', 'Conselheiro Lafaiete', 40, 3, 'CNH8', '03:00:00', 0),
('2023-06-28', '13:30:00', 'Ouro Branco', 'Conselheiro Lafaiete', 35, 2, 'CNH49', '02:30:00', 0),
('2023-06-29', '12:15:00', 'Ouro Branco', 'Congonhas', 10, 2, 'CNH50', '01:30:00', 0),
('2023-06-30', '15:45:00', 'Conselheiro Lafaiete', 'Congonhas', 50, 4, 'CNH31', '04:00:00', 0),
('2023-07-26', '09:30:00', 'Conselheiro Lafaiete', 'Ouro Branco', 20, 2, 'CNH3', '01:30:00', 0),
('2023-07-26', '12:00:00', 'Congonhas', 'Ouro Branco', 15, 1, 'CNH1', '01:00:00', 0),
('2023-07-27', '10:45:00', 'Congonhas', 'Ouro Branco', 30, 3, 'CNH15', '02:30:00', 0),
('2023-07-27', '14:15:00', 'Ouro Branco', 'Ouro Branco', 50, 4, 'CNH11', '04:00:00', 0),
('2023-07-28', '11:30:00', 'Ouro Branco', 'Conselheiro Lafaiete', 10, 2, 'CNH29', '01:15:00', 0),
('2023-07-28', '15:45:00', 'Congonhas', 'Conselheiro Lafaiete', 25, 2, 'CNH24', '02:15:00', 0),
('2023-07-29', '10:00:00', 'Ouro Branco', 'Conselheiro Lafaiete', 40, 3, 'CNH22', '03:00:00', 0),
('2023-07-29', '13:30:00', 'Ouro Branco', 'Conselheiro Lafaiete', 35, 2, 'CNH23', '02:30:00', 0),
('2023-07-30', '12:15:00', 'Ouro Branco', 'Congonhas', 10, 2, 'CNH39', '01:30:00', 0),
('2023-07-30', '15:45:00', 'Conselheiro Lafaiete', 'Congonhas', 50, 4, 'CNH2', '04:00:00', 0),
('2023-07-07', '15:45:00', 'Congonhas', 'Conselheiro Lafaiete', 25, 2, 'CNH6', '02:15:00', 0),
('2023-07-08', '10:00:00', 'Congonhas', 'Conselheiro Lafaiete', 40, 3, 'CNH49', '03:00:00', 0),
('2023-07-08', '13:30:00', 'Ouro Branco', 'Conselheiro Lafaiete', 35, 2, 'CNH50', '02:30:00', 0),
('2023-07-09', '12:15:00', 'Ouro Branco', 'Congonhas', 10, 2, 'CNH29', '01:30:00', 0),
('2023-07-09', '15:45:00', 'Conselheiro Lafaiete', 'Congonhas', 50, 4, 'CNH30', '04:00:00', 0),
('2023-07-10', '09:30:00', 'Conselheiro Lafaiete', 'Ouro Branco', 20, 2, 'CNH3', '01:30:00', 0),
('2023-07-10', '12:00:00', 'Congonhas', 'Ouro Branco', 15, 1, 'CNH38', '01:00:00', 0),
('2023-07-11', '10:45:00', 'Conselheiro Lafaiete', 'Ouro Branco', 30, 3, 'CNH33', '02:30:00', 0),
('2023-07-11', '14:15:00', 'Congonhas', 'Ouro Branco', 50, 4, 'CNH47', '04:00:00', 0),
('2023-07-12', '11:30:00', 'Ouro Branco', 'Conselheiro Lafaiete', 10, 2, 'CNH35', '01:15:00', 0),
('2023-07-12', '15:45:00', 'Congonhas', 'Conselheiro Lafaiete', 25, 2, 'CNH36', '02:15:00', 0),
('2023-07-13', '10:00:00', 'Congonhas', 'Conselheiro Lafaiete', 40, 3, 'CNH37', '03:00:00', 0),
('2023-07-13', '13:30:00', 'Ouro Branco', 'Conselheiro Lafaiete', 35, 2, 'CNH38', '02:30:00', 0),
('2023-07-14', '12:15:00', 'Ouro Branco', 'Congonhas', 10, 2, 'CNH30', '01:30:00', 0),
('2023-07-14', '15:45:00', 'Conselheiro Lafaiete', 'Congonhas', 50, 4, 'CNH40', '04:00:00', 0),
('2023-07-15', '09:30:00', 'Conselheiro Lafaiete', 'Ouro Branco', 20, 2, 'CNH41', '01:30:00', 0),
('2023-07-15', '12:00:00', 'Congonhas', 'Ouro Branco', 15, 1, 'CNH49', '01:00:00', 0),
('2023-07-16', '10:45:00', 'Conselheiro Lafaiete', 'Ouro Branco', 30, 3, 'CNH43', '02:30:00', 0),
('2023-07-16', '14:15:00', 'Congonhas', 'Ouro Branco', 50, 4, 'CNH34', '04:00:00', 0),
('2023-07-17', '11:30:00', 'Ouro Branco', 'Conselheiro Lafaiete', 10, 2, 'CNH45', '01:15:00', 0),
('2023-07-17', '15:45:00', 'Congonhas', 'Conselheiro Lafaiete', 25, 2, 'CNH46', '02:15:00', 0),
('2023-07-18', '10:00:00', 'Congonhas', 'Conselheiro Lafaiete', 40, 3, 'CNH47', '03:00:00', 0),
('2023-07-18', '13:30:00', 'Ouro Branco', 'Conselheiro Lafaiete', 35, 2, 'CNH48', '02:30:00', 0),
('2023-07-19', '12:15:00', 'Ouro Branco', 'Congonhas', 10, 2, 'CNH22', '01:30:00', 0),
('2023-07-19', '15:45:00', 'Conselheiro Lafaiete', 'Congonhas', 50, 4, 'CNH50', '04:00:00', 0),
('2023-07-20', '09:30:00', 'Conselheiro Lafaiete', 'Ouro Branco', 20, 2, 'CNH5', '01:30:00', 0),
('2023-07-20', '12:00:00', 'Congonhas', 'Ouro Branco', 15, 1, 'CNH50', '01:00:00', 0),
('2023-07-21', '10:45:00', 'Conselheiro Lafaiete', 'Ouro Branco', 30, 3, 'CNH43', '02:30:00', 0),
('2023-07-21', '14:15:00', 'Congonhas', 'Ouro Branco', 50, 4, 'CNH5', '04:00:00', 0),
('2023-07-22', '11:30:00', 'Ouro Branco', 'Conselheiro Lafaiete', 10, 2, 'CNH23', '01:15:00', 0),
('2023-07-22', '15:45:00', 'Congonhas', 'Conselheiro Lafaiete', 25, 2, 'CNH23', '02:15:00', 0),
('2023-07-23', '10:00:00', 'Congonhas', 'Conselheiro Lafaiete', 40, 3, 'CNH43', '03:00:00', 0),
('2023-07-23', '13:30:00', 'Ouro Branco', 'Conselheiro Lafaiete', 35, 2, 'CNH32', '02:30:00', 0),
('2023-07-24', '12:15:00', 'Ouro Branco', 'Congonhas', 10, 2, 'CNH28', '01:30:00', 0),
('2023-07-24', '15:45:00', 'Conselheiro Lafaiete', 'Congonhas', 50, 4, 'CNH65', '04:00:00', 0),
('2023-07-15', '09:30:00', 'Conselheiro Lafaiete', 'Ouro Branco', 20, 2, 'CNH43', '01:30:00', 0),
('2023-07-15', '12:00:00', 'Congonhas', 'Ouro Branco', 15, 1, 'CNH41', '01:00:00', 0),
('2023-07-16', '10:45:00', 'Conselheiro Lafaiete', 'Ouro Branco', 30, 3, 'CNH48', '02:30:00', 0),
('2023-07-16', '14:15:00', 'Congonhas', 'Ouro Branco', 50, 4, 'CNH5', '04:00:00', 0),
('2023-07-17', '11:30:00', 'Ouro Branco', 'Conselheiro Lafaiete', 10, 2, 'CNH8', '01:15:00', 0),
('2023-07-17', '15:45:00', 'Congonhas', 'Conselheiro Lafaiete', 25, 2, 'CNH9', '02:15:00', 0),
('2023-07-18', '10:00:00', 'Congonhas', 'Conselheiro Lafaiete', 40, 3, 'CNH16', '03:00:00', 0),
('2023-07-18', '13:30:00', 'Ouro Branco', 'Conselheiro Lafaiete', 35, 2, 'CNH17', '02:30:00', 0),
('2023-07-19', '12:15:00', 'Ouro Branco', 'Congonhas', 10, 2, 'CNH34', '01:30:00', 0),
('2023-07-19', '15:45:00', 'Conselheiro Lafaiete', 'Congonhas', 50, 4, 'CNH11', '04:00:00', 0),
('2023-07-09', '09:30:00', 'Conselheiro Lafaiete', 'Ouro Branco', 20, 2, 'CNH13', '01:30:00', 0),
('2023-07-09', '12:00:00', 'Congonhas', 'Ouro Branco', 15, 1, 'CNH4', '01:00:00', 0),
('2023-07-10', '10:45:00', 'Conselheiro Lafaiete', 'Ouro Branco', 30, 3, 'CNH3', '02:30:00', 0),
('2023-07-10', '14:15:00', 'Congonhas', 'Ouro Branco', 50, 4, 'CNH44', '04:00:00', 0),
('2023-07-11', '11:30:00', 'Ouro Branco', 'Conselheiro Lafaiete', 10, 2, 'CNH35', '01:15:00', 1);
-- -----------------------------------------------------
-- Table `bdcarona`.`realiza`
-- -----------------------------------------------------
CREATE TABLE IF NOT EXISTS `bdcarona`.`realiza` (
  `ViagemID` INT NOT NULL,
  `CPF` VARCHAR(45) NOT NULL,
  PRIMARY KEY (`ViagemID`, `CPF`),
  INDEX `ViagemID` (`ViagemID` ASC) VISIBLE,
  INDEX `CPF` (`CPF` ASC) VISIBLE,
  CONSTRAINT `realiza_ibfk_1`
    FOREIGN KEY (`ViagemID`)
    REFERENCES `bdcarona`.`viagem` (`ViagemID`),
  CONSTRAINT `realiza_ibfk_2`
    FOREIGN KEY (`CPF`)
    REFERENCES `bdcarona`.`passageiro` (`CPF`))
ENGINE = InnoDB
DEFAULT CHARACTER SET = utf8mb4
COLLATE = utf8mb4_0900_ai_ci;


INSERT INTO bdcarona.realiza (ViagemID, CPF)
VALUES
(1, '000.000.000-01'),
(1, '000.000.000-09'),
(2, '000.000.000-03'),
(3, '000.000.000-01'),
(3, '000.000.000-02'),
(3, '000.000.000-03'),
(4, '000.000.000-04'),
(4, '000.000.000-05'),
(4, '000.000.000-06'),
(4, '000.000.000-07'),
(5, '000.000.000-08'),
(5, '000.000.000-09'),
(6, '000.000.000-10'),
(7, '000.000.000-11'),
(7, '000.000.000-12'),
(8, '000.000.000-13'),
(9, '000.000.000-14'),
(10, '000.000.000-15'),
(10, '000.000.000-16'),
(10, '000.000.000-17'),
(10, '000.000.000-18'),
(11, '000.000.000-19'),
(12, '000.000.000-20'),
(13, '000.000.000-21'),
(14, '000.000.000-22'),
(15, '000.000.000-23'),
(15, '000.000.000-24'),
(16, '000.000.000-25'),
(17, '000.000.000-26'),
(18, '000.000.000-27'),
(18, '000.000.000-28'),
(18, '000.000.000-29'),
(19, '000.000.000-30'),
(19, '000.000.000-31'),
(19, '000.000.000-32'),
(20, '000.000.000-33'),
(21, '000.000.000-34'),
(22, '000.000.000-35'),
(22, '000.000.000-36'),
(23, '000.000.000-37'),
(23, '000.000.000-38'),
(24, '000.000.000-39'),
(24, '000.000.000-40'),
(25, '000.000.000-41'),
(25, '000.000.000-42'),
(26, '000.000.000-43'),
(28, '000.000.000-44'),
(28, '000.000.000-45'),
(29, '000.000.000-46'),
(30, '000.000.000-47'),
(30, '000.000.000-48'),
(31, '000.000.000-49'),
(32, '000.000.000-50'),
(32, '000.000.000-49'),
(32, '000.000.000-48'),
(33, '000.000.000-47'),
(34, '000.000.000-46'),
(35, '000.000.000-45'),
(35, '000.000.000-44'),
(36, '000.000.000-43'),
(38, '000.000.000-42'),
(38, '000.000.000-41'),
(38, '000.000.000-40'),
(39, '000.000.000-39'),
(40, '000.000.000-38'),
(41, '000.000.000-37'),
(41, '000.000.000-36'),
(42, '000.000.000-35'),
(42, '000.000.000-34'),
(42, '000.000.000-33'),
(43, '000.000.000-32'),
(43, '000.000.000-31'),
(44, '000.000.000-30'),
(45, '000.000.000-29'),
(45, '000.000.000-28'),
(45, '000.000.000-27'),
(46, '000.000.000-26'),
(47, '000.000.000-25'),
(48, '000.000.000-24'),
(49, '000.000.000-23'),
(49, '000.000.000-22'),
(49, '000.000.000-21'),
(49, '000.000.000-20'),
(50, '000.000.000-19'),
(51, '000.000.000-18'),
(51, '000.000.000-17'),
(52, '000.000.000-16'),
(52, '000.000.000-15'),
(54, '000.000.000-14'),
(55, '000.000.000-13'),
(56, '000.000.000-12'),
(57, '000.000.000-11'),
(58, '000.000.000-10'),
(59, '000.000.000-09'),
(59, '000.000.000-08'),
(60, '000.000.000-07'),
(61, '000.000.000-06'),
(62, '000.000.000-05'),
(63, '000.000.000-04'),
(63, '000.000.000-03'),
(63, '000.000.000-02'),
(64, '000.000.000-01'),
(65, '000.000.000-01'),
(66, '000.000.000-01'),
(66, '000.000.000-02'),
(67, '000.000.000-03'),
(68, '000.000.000-04'),
(68, '000.000.000-05'),
(70, '000.000.000-06'),
(70, '000.000.000-07'),
(71, '000.000.000-08'),
(72, '000.000.000-09'),
(72, '000.000.000-10'),
(73, '000.000.000-11'),
(74, '000.000.000-12'),
(75, '000.000.000-13'),
(75, '000.000.000-14'),
(75, '000.000.000-15'),
(76, '000.000.000-16'),
(77, '000.000.000-17'),
(78, '000.000.000-18'),
(78, '000.000.000-19'),
(78, '000.000.000-20'),
(79, '000.000.000-21'),
(79, '000.000.000-22'),
(80, '000.000.000-23'),
(83, '000.000.000-24'),
(84, '000.000.000-25'),
(85, '000.000.000-26'),
(85, '000.000.000-27'),
(85, '000.000.000-28'),
(86, '000.000.000-29'),
(87, '000.000.000-30'),
(88, '000.000.000-31'),
(89, '000.000.000-32'),
(90, '000.000.000-33'),
(95, '000.000.000-34'),
(95, '000.000.000-35'),
(96, '000.000.000-36'),
(96, '000.000.000-37'),
(98, '000.000.000-38'),
(99, '000.000.000-39'),
(99, '000.000.000-40'),
(100, '000.000.000-41'),
(101, '000.000.000-01'),
(101, '000.000.000-02'),
(102, '000.000.000-03'),
(102, '000.000.000-04'),
(103, '000.000.000-05'),
(105, '000.000.000-06'),
(107, '000.000.000-07'),
(108, '000.000.000-08'),
(108, '000.000.000-09'),
(108, '000.000.000-10'),
(109, '000.000.000-11'),
(110, '000.000.000-12'),
(111, '000.000.000-13'),
(111, '000.000.000-14'),
(112, '000.000.000-15'),
(113, '000.000.000-16'),
(114, '000.000.000-17'),
(114, '000.000.000-18'),
(115, '000.000.000-19'),
(115, '000.000.000-20'),
(115, '000.000.000-21'),
(116, '000.000.000-22'),
(117, '000.000.000-23'),
(118, '000.000.000-24'),
(118, '000.000.000-25'),
(119, '000.000.000-26'),
(119, '000.000.000-27'),
(119, '000.000.000-28'),
(120, '000.000.000-29'),
(121, '000.000.000-30'),
(122, '000.000.000-31'),
(122, '000.000.000-32'),
(123, '000.000.000-33'),
(123, '000.000.000-34'),
(124, '000.000.000-35'),
(125, '000.000.000-36'),
(127, '000.000.000-37'),
(128, '000.000.000-38'),
(128, '000.000.000-39'),
(129, '000.000.000-40'),
(129, '000.000.000-41'),
(129, '000.000.000-42'),
(129, '000.000.000-43'),
(130, '000.000.000-44'),
(131, '000.000.000-45'),
(131, '000.000.000-46'),
(132, '000.000.000-47'),
(133, '000.000.000-48'),
(133, '000.000.000-49'),
(135, '000.000.000-50'),
(136, '000.000.000-01'),
(136, '000.000.000-02'),
(137, '000.000.000-03'),
(138, '000.000.000-04'),
(138, '000.000.000-05'),
(139, '000.000.000-06'),
(139, '000.000.000-07'),
(139, '000.000.000-08'),
(140, '000.000.000-09'),
(141, '000.000.000-10'),
(142, '000.000.000-11'),
(142, '000.000.000-12'),
(143, '000.000.000-13'),
(143, '000.000.000-14'),
(144, '000.000.000-15'),
(145, '000.000.000-16'),
(145, '000.000.000-17'),
(146, '000.000.000-18'),
(147, '000.000.000-19'),
(148, '000.000.000-20'),
(148, '000.000.000-21'),
(149, '000.000.000-22'),
(151, '000.000.000-23'),
(152, '000.000.000-24'),
(153, '000.000.000-25'),
(153, '000.000.000-26'),
(154, '000.000.000-27'),
(154, '000.000.000-28'),
(155, '000.000.000-29'),
(157, '000.000.000-30'),
(158, '000.000.000-31'),
(159, '000.000.000-32'),
(159, '000.000.000-33'),
(159, '000.000.000-34'),
(159, '000.000.000-35'),
(160, '000.000.000-36'),
(161, '000.000.000-37'),
(162, '000.000.000-38'),
(163, '000.000.000-39'),
(164, '000.000.000-40'),
(164, '000.000.000-41'),
(165, '000.000.000-42'),
(166, '000.000.000-43'),
(167, '000.000.000-44'),
(167, '000.000.000-45'),
(167, '000.000.000-46'),
(168, '000.000.000-47'),
(168, '000.000.000-48'),
(170, '000.000.000-49'),
(171, '000.000.000-50'),
(172, '000.000.000-01'),
(172, '000.000.000-02'),
(173, '000.000.000-03'),
(174, '000.000.000-04'),
(174, '000.000.000-05'),
(174, '000.000.000-06'),
(175, '000.000.000-07'),
(175, '000.000.000-08'),
(176, '000.000.000-09'),
(176, '000.000.000-10'),
(176, '000.000.000-11'),
(177, '000.000.000-12'),
(178, '000.000.000-13'),
(179, '000.000.000-14'),
(179, '000.000.000-15'),
(180, '000.000.000-16'),
(181, '000.000.000-17'),
(182, '000.000.000-18'),
(183, '000.000.000-19'),
(184, '000.000.000-20'),
(184, '000.000.000-21'),
(185, '000.000.000-22'),
(186, '000.000.000-23'),
(186, '000.000.000-24'),
(186, '000.000.000-25'),
(187, '000.000.000-26'),
(187, '000.000.000-27'),
(188, '000.000.000-28'),
(188, '000.000.000-29'),
(189, '000.000.000-30'),
(191, '000.000.000-31'),
(192, '000.000.000-32'),
(193, '000.000.000-33'),
(194, '000.000.000-34'),
(195, '000.000.000-35'),
(195, '000.000.000-36'),
(196, '000.000.000-37'),
(196, '000.000.000-38'),
(196, '000.000.000-39'),
(197, '000.000.000-40'),
(198, '000.000.000-41'),
(199, '000.000.000-42'),
(199, '000.000.000-43'),
(200, '000.000.000-44'),
(200, '000.000.000-01'),
(202, '000.000.000-02'),
(202, '000.000.000-03'),
(202, '000.000.000-04'),
(203, '000.000.000-05'),
(203, '000.000.000-06'),
(204, '000.000.000-07'),
(205, '000.000.000-08'),
(206, '000.000.000-09'),
(206, '000.000.000-10'),
(207, '000.000.000-11'),
(208, '000.000.000-12'),
(209, '000.000.000-13'),
(209, '000.000.000-14'),
(209, '000.000.000-15'),
(209, '000.000.000-16'),
(210, '000.000.000-17'),
(211, '000.000.000-18'),
(212, '000.000.000-19'),
(213, '000.000.000-20'),
(213, '000.000.000-21'),
(214, '000.000.000-22'),
(215, '000.000.000-23'),
(216, '000.000.000-24'),
(217, '000.000.000-25'),
(217, '000.000.000-26'),
(218, '000.000.000-27'),
(219, '000.000.000-28'),
(219, '000.000.000-29'),
(219, '000.000.000-30'),
(220, '000.000.000-31'),
(222, '000.000.000-32'),
(223, '000.000.000-33'),
(224, '000.000.000-34'),
(225, '000.000.000-35'),
(225, '000.000.000-36'),
(226, '000.000.000-37'),
(227, '000.000.000-38'),
(227, '000.000.000-39'),
(228, '000.000.000-40'),
(228, '000.000.000-41'),
(228, '000.000.000-42'),
(229, '000.000.000-43'),
(230, '000.000.000-44'),
(231, '000.000.000-45'),
(232, '000.000.000-46'),
(232, '000.000.000-47'),
(233, '000.000.000-48'),
(234, '000.000.000-49'),
(234, '000.000.000-50'),
(234, '000.000.000-01'),
(235, '000.000.000-02'),
(236, '000.000.000-03'),
(237, '000.000.000-04'),
(238, '000.000.000-05'),
(239, '000.000.000-06'),
(239, '000.000.000-07'),
(240, '000.000.000-08'),
(240, '000.000.000-09'),
(241, '000.000.000-10'),
(242, '000.000.000-11'),
(243, '000.000.000-12'),
(243, '000.000.000-13'),
(243, '000.000.000-14'),
(244, '000.000.000-15'),
(245, '000.000.000-16'),
(246, '000.000.000-17'),
(247, '000.000.000-18'),
(248, '000.000.000-19'),
(249, '000.000.000-20'),
(250, '000.000.000-21'),
(254, '000.000.000-22'),
(254, '000.000.000-23'),
(256, '000.000.000-24'),
(256, '000.000.000-25'),
(256, '000.000.000-26'),
(257, '000.000.000-27'),
(257, '000.000.000-28'),
(258, '000.000.000-29'),
(259, '000.000.000-30'),
(259, '000.000.000-31'),
(259, '000.000.000-32'),
(260, '000.000.000-33'),
(261, '000.000.000-34'),
(264, '000.000.000-35'),
(265, '000.000.000-36'),
(265, '000.000.000-37'),
(266, '000.000.000-38'),
(267, '000.000.000-39'),
(268, '000.000.000-40'),
(268, '000.000.000-41'),
(269, '000.000.000-42'),
(269, '000.000.000-43'),
(269, '000.000.000-44'),
(270, '000.000.000-45'),
(272, '000.000.000-46'),
(273, '000.000.000-47'),
(273, '000.000.000-48'),
(274, '000.000.000-49'),
(275, '000.000.000-50'),
(275, '000.000.000-01'),
(275, '000.000.000-02'),
(276, '000.000.000-03'),
(277, '000.000.000-04'),
(278, '000.000.000-05'),
(279, '000.000.000-06'),
(279, '000.000.000-07'),
(280, '000.000.000-08'),
(280, '000.000.000-09'),
(281, '000.000.000-10'),
(282, '000.000.000-11'),
(283, '000.000.000-12'),
(283, '000.000.000-13'),
(283, '000.000.000-14'),
(284, '000.000.000-15'),
(285, '000.000.000-16'),
(286, '000.000.000-17'),
(287, '000.000.000-18'),
(288, '000.000.000-19'),
(288, '000.000.000-20'),
(289, '000.000.000-21'),
(289, '000.000.000-22'),
(290, '000.000.000-23'),
(291, '000.000.000-24'),
(292, '000.000.000-25'),
(292, '000.000.000-26'),
(293, '000.000.000-27'),
(294, '000.000.000-28'),
(295, '000.000.000-29'),
(295, '000.000.000-30'),
(296, '000.000.000-31'),
(297, '000.000.000-32'),
(297, '000.000.000-33'),
(298, '000.000.000-34'),
(299, '000.000.000-35'),
(299, '000.000.000-36'),
(300, '000.000.000-37'),
(301, '000.000.000-01'),
(304, '000.000.000-02'),
(304, '000.000.000-03'),
(305, '000.000.000-04'),
(305, '000.000.000-05'),
(305, '000.000.000-06'),
(306, '000.000.000-07'),
(307, '000.000.000-08'),
(307, '000.000.000-09'),
(307, '000.000.000-10'),
(308, '000.000.000-11'),
(310, '000.000.000-12'),
(311, '000.000.000-13'),
(312, '000.000.000-14'),
(313, '000.000.000-15'),
(313, '000.000.000-16'),
(314, '000.000.000-17'),
(315, '000.000.000-18'),
(316, '000.000.000-19'),
(319, '000.000.000-20'),
(320, '000.000.000-21'),
(320, '000.000.000-22'),
(320, '000.000.000-23'),
(321, '000.000.000-24'),
(321, '000.000.000-25'),
(322, '000.000.000-26'),
(322, '000.000.000-27'),
(323, '000.000.000-28'),
(324, '000.000.000-29'),
(324, '000.000.000-30'),
(324, '000.000.000-31'),
(325, '000.000.000-32'),
(326, '000.000.000-33'),
(327, '000.000.000-34'),
(327, '000.000.000-35'),
(327, '000.000.000-36'),
(327, '000.000.000-37'),
(328, '000.000.000-38'),
(329, '000.000.000-39'),
(330, '000.000.000-40'),
(331, '000.000.000-41'),
(331, '000.000.000-42'),
(333, '000.000.000-43'),
(335, '000.000.000-44'),
(336, '000.000.000-45'),
(337, '000.000.000-46'),
(338, '000.000.000-47'),
(339, '000.000.000-48'),
(340, '000.000.000-49'),
(340, '000.000.000-50'),
(341, '000.000.000-01'),
(341, '000.000.000-02'),
(341, '000.000.000-03'),
(342, '000.000.000-04'),
(343, '000.000.000-05'),
(344, '000.000.000-06'),
(344, '000.000.000-07'),
(345, '000.000.000-08'),
(346, '000.000.000-09'),
(347, '000.000.000-10'),
(347, '000.000.000-11'),
(347, '000.000.000-12'),
(347, '000.000.000-13'),
(348, '000.000.000-14'),
(349, '000.000.000-15'),
(350, '000.000.000-16'),
(351, '000.000.000-17'),
(352, '000.000.000-18'),
(353, '000.000.000-19'),
(353, '000.000.000-20'),
(354, '000.000.000-21'),
(356, '000.000.000-22'),
(358, '000.000.000-23'),
(359, '000.000.000-24'),
(359, '000.000.000-25'),
(359, '000.000.000-26'),
(360, '000.000.000-27'),
(361, '000.000.000-28'),
(362, '000.000.000-29'),
(363, '000.000.000-30'),
(365, '000.000.000-31'),
(366, '000.000.000-32'),
(366, '000.000.000-33'),
(366, '000.000.000-34'),
(367, '000.000.000-35'),
(367, '000.000.000-36'),
(368, '000.000.000-37'),
(369, '000.000.000-38'),
(370, '000.000.000-39'),
(370, '000.000.000-40'),
(371, '000.000.000-41'),
(372, '000.000.000-42'),
(373, '000.000.000-43'),
(374, '000.000.000-44'),
(375, '000.000.000-45'),
(376, '000.000.000-46'),
(376, '000.000.000-47'),
(376, '000.000.000-48'),
(377, '000.000.000-49'),
(377, '000.000.000-50'),
(378, '000.000.000-01'),
(379, '000.000.000-02'),
(380, '000.000.000-03'),
(385, '000.000.000-04'),
(386, '000.000.000-05'),
(387, '000.000.000-06'),
(387, '000.000.000-07'),
(388, '000.000.000-08'),
(388, '000.000.000-09'),
(389, '000.000.000-10'),
(390, '000.000.000-11'),
(391, '000.000.000-12'),
(391, '000.000.000-13'),
(392, '000.000.000-14'),
(393, '000.000.000-15'),
(393, '000.000.000-16'),
(393, '000.000.000-17'),
(393, '000.000.000-18');
  





SET SQL_MODE=@OLD_SQL_MODE;
SET FOREIGN_KEY_CHECKS=@OLD_FOREIGN_KEY_CHECKS;
SET UNIQUE_CHECKS=@OLD_UNIQUE_CHECKS;
